Date,Open,High,Low,Close,Volume,Dividends,Stock Splits,daily_return,cum_return,middle_band,upper_band,lower_band,Conversion,Baseline,SpanA,SpanB,Lagging
2018-03-08 00:00:00+05:30,44.73633952154885,44.73633952154885,41.15344915586692,42.5965576171875,56186,0.0,0.0,,,,,,,,,,71.01085662841797
2018-03-09 00:00:00+05:30,44.188955261686274,45.9803985730379,41.8501232248241,43.94014358520508,76407,0.0,0.0,0.031542125541981436,1.0315421255419814,,,,,,,,70.96109008789062
2018-03-12 00:00:00+05:30,44.68657445660741,45.731582641278486,42.59655429070073,42.94489288330078,26483,0.0,0.0,-0.022650146783757985,1.0081775449848258,,,,,,,,69.91606903076172
2018-03-13 00:00:00+05:30,43.74109549977997,45.53253889366015,40.95440535412581,42.04917526245117,90616,0.0,0.0,-0.020857372337233393,0.9871496105470394,,,,,,,,71.85680389404297
2018-03-14 00:00:00+05:30,41.60130459896452,41.80035466621171,41.20320826103439,41.50178146362305,13612,0.0,0.0,-0.013017943762548279,0.9742989524317166,,,,,,,,72.95156860351562
2018-03-15 00:00:00+05:30,41.00416067957414,41.70083405889148,40.80511060025998,40.95439910888672,24985,0.0,0.0,-0.013189370080802898,0.9614485629787561,,,,,,,,73.94682312011719
2018-03-16 00:00:00+05:30,41.30273206028106,42.59655182333845,41.00415885289309,41.20320892333984,29133,0.0,0.0,0.006075289098775416,0.9672896409524543,,,,,,,,76.68375396728516
2018-03-19 00:00:00+05:30,40.80511206205293,41.10368529343795,36.62507543296873,39.21271896362305,100639,0.0,0.0,-0.04830910047370762,0.9205607485005056,,,,,,,,78.87329864501953
2018-03-20 00:00:00+05:30,38.81461632747486,39.66057439547355,37.91889289359968,38.61556625366211,6745,0.0,0.0,-0.015228546393707298,0.9065419464337398,,,,41.302737003003315,,,,81.8590316772461
2018-03-21 00:00:00+05:30,39.06342800232874,39.21271650695065,37.3217464990402,37.47103500366211,18521,0.0,0.0,-0.029639116062203485,0.8796728444681343,,,,41.302737003003315,,,,84.29737854003906
2018-03-22 00:00:00+05:30,38.46628027693719,42.297977936047566,38.068180142442806,41.50178146362305,269444,0.0,0.0,0.10756965905977789,0.9742989524317166,,,,41.1783290371236,,,,83.94904327392578
2018-03-23 00:00:00+05:30,40.805110455423225,41.60130697328932,40.207964016164766,40.4567756652832,32109,0.0,0.0,-0.02517978172228119,0.9497663174772387,,,,41.07880716331444,,,,79.76902770996094
2018-03-26 00:00:00+05:30,40.25771919336608,43.94013177482959,39.66056905237629,42.2979736328125,1037887,0.0,0.0,0.04551024982223839,0.9929904198583752,,,,40.28260360389916,,,,76.23588562011719
2018-03-27 00:00:00+05:30,42.34774611478774,43.34299280983123,40.50654124758321,41.4520263671875,359330,0.0,0.0,-0.019999711403875797,0.9731308980343942,,,,40.28260360389916,,,,73.8472900390625
2018-03-28 00:00:00+05:30,40.95439814173531,40.95439814173531,38.416516334400455,39.113189697265625,334750,0.0,0.0,-0.05642273430022826,0.9182241919352571,,,,40.28260360389916,,,,76.23588562011719
2018-04-02 00:00:00+05:30,39.80986336852163,40.80510995273468,39.710340228726096,40.108436584472656,28017,0.0,0.0,0.025445301058548253,0.9415886829382919,,,,40.28260360389916,,,,74.79278564453125
2018-04-03 00:00:00+05:30,39.76010764984986,47.87136622692653,39.01367260184229,46.12968444824219,394077,0.0,0.0,0.1501242226454811,1.0829439520161854,,,,42.596556362983364,,,,73.94682312011719
2018-04-04 00:00:00+05:30,47.47326226006774,51.7528217618292,47.47326226006774,49.41399383544922,462316,0.0,0.0,0.07119730877179631,1.1600466469504311,,,,44.5372841304347,,,,75.78802490234375
2018-04-05 00:00:00+05:30,53.14617089567603,53.14617089567603,49.76233087738784,50.65805435180664,197484,0.0,0.0,0.025176279426030623,1.1892523054812851,,,,45.60717551905942,,,,74.64349365234375
2018-04-06 00:00:00+05:30,51.55377132906769,51.55377132906769,48.76708170522485,49.56327819824219,123616,0.0,0.0,-0.021611097535675694,1.1635512579130018,42.55923366546631,49.803965143650295,35.31450218728232,45.78134361503824,,,,74.09610748291016
2018-04-09 00:00:00+05:30,50.01114633527853,59.41622834570358,50.01114633527853,58.71955490112305,738360,0.0,0.0,0.18473912613806065,1.378504700516691,43.365383529663085,53.49755382787473,33.23321323145144,48.91637234005202,,,,73.69801330566406
2018-04-10 00:00:00+05:30,59.61527420543684,63.54649532699827,59.31669718143989,61.6555290222168,482136,0.0,0.0,0.049999938283551204,1.447429850466111,44.25115280151367,57.176310601656496,31.325995001370842,50.98150583069936,,,,73.64824676513672
2018-04-11 00:00:00+05:30,62.15315527960932,67.12938483134691,61.70529351894916,66.38294982910156,507287,0.0,0.0,0.07667472620632765,1.5584111379534658,45.42305564880371,61.55367466011619,29.292436637491235,52.77295058287368,,,,73.49895477294922
2018-04-12 00:00:00+05:30,66.93033252303303,73.00133514404297,66.43270923289896,73.00133514404297,540801,0.0,0.0,0.09970007858915575,1.713784850881642,46.9706636428833,67.02029258191834,26.921034703848257,56.00750387294263,,,,73.69801330566406
2018-04-13 00:00:00+05:30,74.64349529876516,77.43018882717067,66.18389916490511,75.04159545898438,739266,0.0,0.0,0.02794826027381081,1.761682155947396,48.647654342651364,71.9690771035212,25.326231581781524,58.22193071450648,,,,74.99183654785156
2018-04-16 00:00:00+05:30,73.05111074660884,74.34492692637637,71.40895214043283,72.45396423339844,261172,0.0,0.0,-0.034482625399406164,1.7009347300910438,50.222632598876956,75.45118845920054,24.994076738553375,62.451725543619204,57.0276321300697,59.73967883684445,,73.79754638671875
2018-04-17 00:00:00+05:30,69.8663213064408,74.64350891420186,69.8663213064408,71.01085662841797,227322,0.0,0.0,-0.01991757966937102,1.6670562270920553,51.71301498413086,78.14076411575626,25.28526585250546,63.09863526619776,57.0276321300697,60.063133698133726,,73.69801330566406
2018-04-18 00:00:00+05:30,70.91132471750376,72.3544293411696,69.31893157580676,70.96109008789062,297458,0.0,0.0,-0.0007008300264248479,1.6658879040323706,53.30043354034424,80.3476374720968,26.253229608591663,63.09863526619776,57.0276321300697,60.063133698133726,,73.69801330566406
2018-04-19 00:00:00+05:30,71.60798510172805,73.10085490309663,69.66725739720029,69.91606903076172,207783,0.0,0.0,-0.014726677054066828,1.6413549108614096,54.86545867919922,81.95541796039342,27.775499398005028,63.7206675812246,57.0276321300697,60.37414985564715,,73.79754638671875
2018-04-20 00:00:00+05:30,71.75728074932907,72.55348109329871,69.76678748253421,71.85680389404297,240020,0.0,0.0,0.027758066066720044,1.686915748916036,56.58474712371826,83.40097848084636,29.76851576659015,68.37344300430527,57.0276321300697,62.70053756718748,,73.64824676513672
2018-04-23 00:00:00+05:30,71.90655678257309,74.54396142194356,71.06059880963899,72.95156860351562,217321,0.0,0.0,0.0152353660355804,1.7126165278219572,58.15723648071289,84.93922476892871,31.37524819249707,69.56774117305991,57.0276321300697,63.2976866515648,,73.64824676513672
2018-04-24 00:00:00+05:30,74.24539253496485,75.14111596576528,73.1506228275993,73.94682312011719,197709,0.0,0.0,0.013642674662839305,1.7359811979332336,59.83173885345459,86.15657713807656,33.50690056883262,71.80704399603789,57.0276321300697,64.41733806305379,,77.08649444580078
2018-04-25 00:00:00+05:30,73.34967176538919,77.1316119023699,70.66250896862275,76.68375396728516,233574,0.0,0.0,0.0370121491591624,1.80023359296864,61.551027870178224,87.55687381829563,35.54518192206083,71.80704399603789,57.0276321300697,64.41733806305379,,77.98342895507812
2018-04-26 00:00:00+05:30,80.51545717013481,80.51545717013481,77.62924030677001,78.87329864501953,113544,0.0,0.0,0.028552914593467538,1.8516355089969647,63.422091484069824,88.74279330565386,38.10138966248579,74.91719437297078,58.918601834587506,66.91789810377915,,77.03667449951172
2018-04-27 00:00:00+05:30,80.61497344506911,82.60546661655229,79.66949222586614,81.8590316772461,77383,0.0,0.0,0.03785480109896611,1.9217288028978277,65.55938358306885,89.47414657505071,41.64462059108699,75.96219909617952,59.96360655779625,67.96290282698789,,78.08308410644531
2018-04-30 00:00:00+05:30,82.85427410046553,85.04381344184506,82.10783919865953,84.29737854003906,93024,0.0,0.0,0.029787145203560295,1.9789716177916095,67.76883068084717,89.95437477202738,45.58328658966697,77.18137250882592,61.55599679214393,69.36868465048492,,77.4851303100586
2018-05-02 00:00:00+05:30,86.98454822720895,86.98454822720895,80.71449205192468,83.94904327392578,164844,0.0,0.0,-0.004132219437260831,1.9707940728067834,69.65979862213135,90.54031702372978,48.779280220532904,78.32590281220462,62.7005322808047,70.51321754650466,,78.18274688720703
2018-05-03 00:00:00+05:30,83.50120298404087,87.58171309840891,79.76902770996094,79.76902770996094,201993,0.0,0.0,-0.04979229543242625,1.8726637120971135,71.17755031585693,90.26859490552096,52.08650572619292,78.67425029047156,62.999114716404684,70.83668250343813,,80.42508697509766
2018-05-04 00:00:00+05:30,75.83778547413509,78.37566726078337,75.78802770159278,76.23588562011719,148792,0.0,0.0,-0.044292154377137516,1.7897194018644447,72.45644187927246,89.12664466974638,55.78623908879853,79.12211103351584,62.999114716404684,71.06061287496026,,82.0694580078125
2018-05-07 00:00:00+05:30,75.68850220778606,76.43493711084852,73.64824376883057,73.8472900390625,88600,0.0,0.0,-0.03133164338061267,1.7336445518138646,73.67064247131347,86.56863505624257,60.77264988638437,79.12211103351584,62.999114716404684,71.06061287496026,,82.16911315917969
2018-05-08 00:00:00+05:30,73.84729233735328,77.52970919627685,73.74776919913994,76.23588562011719,16011,0.0,0.0,0.03234506750066535,1.7897194018644447,74.54645900726318,85.47305407111995,63.619863943406415,79.12211103351584,63.2976928501256,71.20990194182072,,80.97320556640625
2018-05-09 00:00:00+05:30,77.28090221558598,77.28090221558598,73.64825050322023,74.79278564453125,60029,0.0,0.0,-0.018929405277416156,1.7558410779736977,75.20332183837891,84.37168732383631,66.03495635292151,80.61497843361974,63.2976928501256,71.95633564187267,,80.8735580444336
2018-05-10 00:00:00+05:30,76.23588567313081,77.13160910393125,73.6482461121408,73.94682312011719,20032,0.0,0.0,-0.011310750323362484,1.7359811979332336,75.58151550292969,83.83194724441414,67.33108376144524,80.61497843361974,67.52748767923833,74.07123305642904,,81.42166900634766
2018-05-11 00:00:00+05:30,73.69800870454385,75.93731340071412,73.64824334071092,75.78802490234375,11755,0.0,0.0,0.024898997746471974,1.779205389868491,75.72084999084473,83.88502158393237,67.55667839775708,80.61497821955992,68.17439740181688,74.3946878106884,,81.322021484375
2018-05-14 00:00:00+05:30,73.6482470703125,76.78327532233669,73.6482470703125,74.64349365234375,10319,0.0,0.0,-0.015101742676033258,1.7523362879028856,75.7009449005127,83.87367325241088,67.52821654861451,80.61497821955992,68.17439740181688,74.3946878106884,,79.47831726074219
2018-05-15 00:00:00+05:30,75.53921963118835,77.72875914792404,73.64824954320984,74.09610748291016,16502,0.0,0.0,-0.007333340692533441,1.7394858088958045,75.78305206298828,83.85493577908728,67.71116834688927,80.61497821955992,68.79642971684372,74.70570396820182,,79.37865447998047
2018-05-16 00:00:00+05:30,73.89705958716581,75.63874112625726,73.64824793872417,73.69801330566406,6476,0.0,0.0,-0.005372673285677143,1.7301401199595354,75.91740989685059,83.75045983560783,68.08435995809334,76.01195530074715,73.4492051399244,74.73058022033578,,80.37525177001953
2018-05-17 00:00:00+05:30,71.90656525379903,74.79278184835583,71.90656525379903,73.64824676513672,3446,0.0,0.0,-0.0006752765548907469,1.7289717968998508,76.0517677307129,83.6252716071705,68.47826385425529,74.81766220086153,74.64350330867904,74.7305827547703,,78.33223724365234
2018-05-18 00:00:00+05:30,73.69800863496461,74.64348980187026,72.65299674048704,73.49895477294922,13527,0.0,0.0,-0.0020270949920042636,1.7254670068290385,76.23091201782226,83.36772067721044,69.09410335843408,74.81766220086153,76.88280613165702,75.85023416625927,,78.18274688720703
2018-05-21 00:00:00+05:30,73.89705958716581,74.54397139173984,73.59848257178427,73.69801330566406,22705,0.0,0.0,0.0027083178710469724,1.7301401199595356,76.32297248840332,83.27484079299043,69.37110418381621,74.81766220086153,76.88280613165702,75.85023416625927,,77.3854751586914
2018-05-22 00:00:00+05:30,74.59373635335847,75.14112506992768,73.6482550354258,74.99183654785156,5337,0.0,0.0,0.017555741113689738,1.7605140119959533,76.42498588562012,83.23281191577723,69.617159855463,74.81766220086153,78.45032233710783,76.63399226898468,,79.37865447998047
2018-05-23 00:00:00+05:30,74.64350458674251,75.14112795065412,73.64825785891927,73.79754638671875,6235,0.0,0.0,-0.01592560225366324,1.7324767660789049,76.41752204895019,83.23663989584061,69.59840420205977,74.81766220086153,78.45032233710783,76.63399226898468,,77.88378143310547
2018-05-24 00:00:00+05:30,73.84729422022592,74.39468288404908,73.64824793872417,73.69801330566406,5444,0.0,0.0,-0.001348731576157114,1.7301401199595356,76.26823501586914,83.1885856612016,69.34788437053668,74.81766220086153,78.45032233710783,76.63399226898468,,78.83053588867188
2018-05-25 00:00:00+05:30,74.64349453249072,74.64349453249072,73.64824793872417,73.69801330566406,12325,0.0,0.0,0.0,1.7301401199595356,76.00947074890136,82.90758839072288,69.11135310707985,74.81766220086153,78.6244852478046,76.72107372433307,,79.32882690429688
2018-05-28 00:00:00+05:30,73.6980232325624,74.14588122283088,73.64825785891927,73.79754638671875,3180,0.0,0.0,0.0013505531097814938,1.7324767660789047,75.606396484375,82.00935522334788,69.20343774540211,73.77265319002814,78.67425029047156,76.22345174024986,,77.435302734375
2018-05-29 00:00:00+05:30,75.19088199814449,75.19088199814449,73.64824676513672,73.64824676513672,4343,0.0,0.0,-0.002023097364235671,1.7289717968998508,75.07393989562988,80.10928291792908,70.03859687333068,73.54872362597176,79.12211103351584,76.33541732974379,,79.52816009521484
2018-05-30 00:00:00+05:30,74.64349334304397,74.64349334304397,73.64824676513672,73.64824676513672,10786,0.0,0.0,0.0,1.7289717968998508,74.55890007019043,77.51981523891092,71.59798490146994,73.92193936931577,79.12211103351584,76.5220252014158,,79.5779800415039
2018-05-31 00:00:00+05:30,74.44552053583524,77.28581767873253,73.84756604384778,77.08649444580078,165196,0.1,0.0,0.046684718668573266,1.809688358824018,74.42477340698242,76.54550097978994,72.30404583417491,75.4421501252584,79.12211103351584,77.28213057938711,,79.32882690429688
2018-06-01 00:00:00+05:30,80.92337627048953,80.92337627048953,77.13632613567178,77.98342895507812,106978,0.0,0.0,0.011635429989723667,1.8307448610263328,74.51215057373047,77.03483529777516,71.98946584968577,77.28581151781313,79.74413917610397,78.51497534695855,,86.10565948486328
2018-06-04 00:00:00+05:30,76.98684178709034,78.6312224527382,74.79433930182947,77.03667449951172,120528,0.0,0.0,-0.012140456866955418,1.8085187820066424,74.67161979675294,77.40297941595287,71.940260177553,77.28581151781313,79.74413917610397,78.51497534695855,,90.3910140991211
2018-06-05 00:00:00+05:30,77.03666569582013,79.72746458417461,76.38887852539301,78.08308410644531,169388,0.0,0.0,0.013583265551529333,1.833084372877567,74.76397972106933,77.81097602016052,71.71698342197814,77.28581151781313,79.74413917610397,78.51497534695855,,91.28795623779295
2018-06-06 00:00:00+05:30,77.73427863902984,79.72746527079984,75.9902403362311,77.4851303100586,91577,0.0,0.0,-0.0076579172458348665,1.8190467644454376,74.8985969543457,78.17088703112096,71.62630687757046,77.28581151781313,79.74413917610397,78.51497534695855,,93.18148040771484
2018-06-07 00:00:00+05:30,77.28581893633289,79.47832131043147,76.83734735749181,78.18274688720703,139890,0.0,0.0,0.009003231644018728,1.8354240638370427,75.11039314270019,78.64932977872037,71.57145650668001,77.28581151781313,79.74413917610397,78.51497534695855,,98.1644515991211
2018-06-08 00:00:00+05:30,77.73428774825076,82.4681065534327,77.58479721266939,80.42508697509766,203662,0.0,0.0,0.028680753454795038,1.8880654088969508,75.3422462463379,79.57602596526814,71.10846652740764,78.05817665928471,77.18733590361586,77.62275628145028,,100.7057647705078
2018-06-11 00:00:00+05:30,82.51792956181363,88.3978240403307,79.92678085888332,82.0694580078125,132835,0.0,0.0,0.020445996324803373,1.9266687873082462,75.71354446411132,80.85347105294389,70.57361787527876,81.02303540273371,80.15219464706487,80.58761502489929,,96.3207550048828
2018-06-12 00:00:00+05:30,84.66059636720094,84.66059636720094,75.84074733148637,82.16911315917969,132592,0.0,0.0,0.0012142781710304806,1.9290082991594804,76.1171947479248,81.91867269395283,70.31571680189677,81.12269504208925,80.15219464706487,80.63744484457706,,95.62313842773438
2018-06-13 00:00:00+05:30,82.5677533245717,82.5677533245717,80.47490891676682,80.97320556640625,157221,0.0,0.0,-0.014554222953054197,1.9009330822952215,76.48095436096192,82.53954860206981,70.42236011985402,81.59608167108009,80.15219464706487,80.87413815907249,,93.48046112060548
2018-06-14 00:00:00+05:30,82.66742164927639,82.66742164927639,79.7274740837981,80.8735580444336,119206,0.0,0.0,-0.0012306234053057752,1.898593749552229,76.84221992492675,83.04364087475426,70.64079897509924,81.59608167108009,80.15219464706487,80.87413815907249,,88.59715270996094
2018-06-15 00:00:00+05:30,82.66741062274467,82.71724332876191,79.97661177268849,81.42166900634766,134120,0.0,0.0,0.006777381571525742,1.9114612438422582,77.23835563659668,83.54734019436361,70.92937107882975,82.11928568590854,80.15219464706487,81.1357401664867,,91.43744659423828
2018-06-18 00:00:00+05:30,81.322021484375,82.51793814943316,80.72406695354812,81.322021484375,127601,0.0,0.0,-0.0012238452390958,1.9091219110992657,77.61955604553222,83.94831563812508,71.29079645293936,82.11928568590854,80.15219464706487,81.1357401664867,,91.68659210205078
2018-06-19 00:00:00+05:30,81.32201338184672,81.5711617118177,78.73087227082925,79.47831726074219,81687,0.0,0.0,-0.022671647728125577,1.8658389716607773,77.84388008117676,84.10104977240658,71.58671038994694,82.11928568590854,80.15219464706487,81.1357401664867,,91.18830108642578
2018-06-20 00:00:00+05:30,77.93358969457405,83.71383362939342,77.73427408443675,79.37865447998047,118599,0.0,0.0,-0.0012539618879292558,1.8634992807013016,78.12293548583985,84.12319611704838,72.12267485463131,82.11928568590854,80.15219464706487,81.1357401664867,,90.88931274414062
2018-06-21 00:00:00+05:30,80.07627073641011,81.42167018084542,78.23257463822812,80.37525177001953,193056,0.0,0.0,0.01255497837004027,1.886895473863092,78.45679740905761,84.16812188977826,72.74547292833697,82.11928568590854,80.15219464706487,81.1357401664867,,90.98898315429688
2018-06-22 00:00:00+05:30,78.78070882152107,80.72406284874026,77.73428274323136,78.33223724365234,81384,0.0,0.0,-0.02541845258802966,1.8389335107221354,78.68850860595703,83.96358821284821,73.41342899906584,80.25067184934366,80.52541039040887,80.38804111987626,,90.88931274414062
2018-06-25 00:00:00+05:30,79.27900567766032,79.6776369432026,76.73768954110625,78.18274688720703,156068,0.0,0.0,-0.0019084142328313902,1.8354240638370427,78.90776863098145,83.68763275889485,74.12790450306805,80.22576158524984,80.99815330605749,80.61195744565367,,90.93914794921876
2018-06-26 00:00:00+05:30,77.58479078735694,78.78070736956168,76.48853962288882,77.3854751586914,152016,0.0,0.0,-0.010197540509363723,1.8167072525942034,79.09463005065918,83.2876447315571,74.90161536976126,80.10118662614113,81.02303540273371,80.56211101443742,,90.93914794921876
2018-06-27 00:00:00+05:30,75.79092027368709,79.72746059942232,75.7410875694512,79.37865447998047,70664,0.0,0.0,0.025756504269072833,1.8634992807013016,79.38115043640137,82.73795656764986,76.02434430515288,79.7274605994223,81.02303540273371,80.375248001078,,90.78964233398438
2018-06-28 00:00:00+05:30,78.73088436444705,79.72747783741474,77.73429089147936,77.88378143310547,74019,0.0,0.0,-0.018832179213267075,1.8284055282833405,79.4210147857666,82.68451523861488,76.15751433291832,79.7274605994223,81.02303540273371,80.375248001078,62.10339426568882,91.18830108642578
2018-06-29 00:00:00+05:30,78.33223919202615,79.27900747769553,77.73428467673213,78.83053588867188,104078,0.0,0.0,0.012155989836980075,1.850631607303031,79.46337013244629,82.67208042157398,76.25465984331859,79.7274605994223,81.02303540273371,80.375248001078,62.10339426568882,90.73983764648438
2018-07-02 00:00:00+05:30,79.17933638532787,81.12269792511763,77.88376962887169,79.32882690429688,103510,0.0,0.0,0.0063210405714950735,1.8623295247756846,79.57797775268554,82.5872472831996,76.56870822217148,79.7274605994223,81.02303540273371,80.375248001078,62.10339426568882,91.7364273071289
2018-07-03 00:00:00+05:30,74.14654913605798,78.68104446178388,74.0967164256,77.435302734375,9306,0.0,0.0,-0.023869307587344513,1.8178770085198206,79.54558868408203,82.63231672061349,76.45886064755058,77.7591933032227,81.02303540273371,79.3911143529782,62.10339426568882,93.62994384765624
2018-07-04 00:00:00+05:30,74.79434122296169,81.72066263679132,74.79434122296169,79.52816009521484,39941,0.0,0.0,0.02702717348466943,1.8670090858028776,79.64774017333984,82.58497724458711,76.71050310209257,77.90868953119565,81.02303540273371,79.46586246696468,62.10339426568882,94.72621154785156
2018-07-05 00:00:00+05:30,82.16912131433193,82.2189540247995,78.73087718738377,79.5779800415039,14484,0.0,0.0,0.0006264440951408989,1.8681786626202532,79.71750183105469,82.57664953130828,76.8583541308011,78.15783522519975,81.12269504208925,79.6402651336445,62.10339426568882,94.97534942626952
2018-07-06 00:00:00+05:30,81.72065239759,81.72065239759,78.63121462031306,79.32882690429688,25422,0.0,0.0,-0.0031309306554034855,1.8623295247756848,79.66268882751464,82.50731340385366,76.81806425117563,78.15783522519975,81.24727023296535,79.70255272908256,62.10339426568882,95.9719467163086
2018-07-09 00:00:00+05:30,81.72064760489556,87.25174325853939,76.98682960339247,86.10565948486328,66716,0.0,0.0,0.08542711199728248,2.021422957664543,79.86449890136718,83.75670514845422,75.97229265428015,80.67422984206969,81.24727023296535,80.96075003751753,62.10339426568882,95.7228012084961
2018-07-10 00:00:00+05:30,89.6934017932022,92.6831818529756,87.65038237766214,90.3910140991211,45397,0.0,0.0,0.04976855923170942,2.1220262658654083,80.27559394836426,86.25857889910382,74.2926089976247,83.3899491392878,83.3899491392878,83.3899491392878,62.45172979872456,94.8756866455078
2018-07-11 00:00:00+05:30,91.63676241597088,92.98216962286406,88.19851814001021,91.28795623779295,40327,0.0,0.0,0.009922912665724537,2.1430829471759645,80.7913314819336,88.48171961181126,73.10094335205594,83.53944302423203,83.53944302423203,83.53944302423203,62.45172979872456,97.26751708984376
2018-07-12 00:00:00+05:30,92.68318372104258,94.67637046773166,88.34800406767462,93.18148040771484,95613,0.0,0.0,0.0207423218566698,2.187535463431829,81.40672760009765,90.82206329576273,71.99139190443258,84.38654344666583,84.38654344666583,84.38654344666583,62.82494662042586,92.78284454345705
2018-07-13 00:00:00+05:30,95.57331023495206,101.25388967191508,91.93574274130884,98.1644515991211,174342,0.0,0.0,0.05347598224028305,2.304516071024299,82.24386672973633,94.18512793988353,70.30260551958912,87.67530304875754,87.67530304875754,87.67530304875754,62.999114716404684,91.78623962402344
2018-07-16 00:00:00+05:30,98.66274528634804,104.74196342472504,97.66615189961726,100.7057647705078,172162,0.0,0.0,0.0258883244391237,2.3641761307461504,83.21305389404297,97.61923559343255,68.8068721946534,89.76815232384337,89.41933992516252,89.59374612450294,62.999114716404684,90.44084167480467
2018-07-17 00:00:00+05:30,101.15423154316086,102.64912166448836,94.92552270429628,96.3207550048828,96037,0.0,0.0,-0.04354278799846001,2.261233310694051,84.05517578125,99.43661564190293,68.67373592059707,90.86439651405875,89.41933992516252,90.14186821961064,63.40717018736558,89.29476928710938
2018-07-18 00:00:00+05:30,97.16786131565274,99.6095122252996,86.70363009704398,95.62313842773438,338945,0.0,0.0,-0.00724264025041188,2.2448560113024465,84.86739997863769,100.88475494093257,68.85004501634282,90.86439651405875,89.41933992516252,90.14186821961064,63.40717018736558,92.48387145996094
2018-07-19 00:00:00+05:30,97.16785354718846,104.44298818746776,90.8893122766239,93.48046112060548,47004,0.0,0.0,-0.022407519167007783,2.1945543572020143,85.522660446167,101.82415491586178,69.22116597647221,90.86439651405875,89.41933992516252,90.14186821961064,63.705748321086496,90.73983764648438
2018-07-20 00:00:00+05:30,95.57330634691212,96.27091866924562,84.81009483711152,88.59715270996094,65683,0.0,0.0,-0.05223881388800877,2.0799134405690194,86.03590621948243,102.04000134459913,70.03181109436572,94.77602913091829,89.41933992516252,92.0976845280404,63.705748321086496,92.035400390625
2018-07-23 00:00:00+05:30,93.38080072844888,93.72961450935207,88.94596303581218,91.43744659423828,34097,0.0,0.0,0.0320585232978714,2.146592394061057,86.69864120483399,102.43982014484963,70.95746226481835,94.77602913091829,89.41933992516252,92.0976845280404,67.93554315019922,89.84288787841797
2018-07-24 00:00:00+05:30,93.33097272021406,93.33097272021406,90.6899987096372,91.68659210205078,14847,0.0,0.0,0.002724764493021281,2.1524413527973842,87.41369705200195,102.68493121545885,72.14246288854505,94.77602913091829,89.41933992516252,92.0976845280404,68.58245287277778,90.98898315429688
2018-07-25 00:00:00+05:30,92.63335855408378,98.6627519951492,90.14187491784264,91.18830108642578,51054,0.0,0.0,-0.005434720652179759,2.1407434353247305,88.00417938232422,102.89134267206438,73.11701609258407,94.77602913091829,89.41933992516252,92.0976845280404,68.58245287277778,88.54731750488281
2018-07-26 00:00:00+05:30,92.6831838602161,92.6831838602161,90.68999711053404,90.88931274414062,13308,0.0,0.0,-0.00327880154277449,2.1337243624463036,88.65445594787597,102.82809194713593,74.48081994861602,94.77602913091829,89.41933992516252,92.0976845280404,69.20448518780462,85.65718841552734
2018-07-27 00:00:00+05:30,88.69681522509555,91.63676280074536,88.69681522509555,90.98898315429688,5844,0.0,0.0,0.0010966130906593374,2.136064232514021,89.26237831115722,102.7154911865434,75.80926543577104,94.62654151228963,89.41933992516252,92.02294071872608,73.8572606108853,83.96299743652344
2018-07-30 00:00:00+05:30,92.48386822660952,92.48386822660952,90.34119095002048,90.88931274414062,13796,0.0,0.0,-0.0010954118476874664,2.133724362446304,89.84040260314941,102.49817529828186,77.18262990801696,94.62654151228963,89.41933992516252,92.02294071872608,75.05155877963993,82.81690979003906
2018-07-31 00:00:00+05:30,92.53369587203106,92.53369587203106,90.93914794921876,90.93914794921876,7714,0.0,0.0,0.0005483065453297797,2.134894297480163,90.51559486389161,101.80743124203721,79.223758485746,94.62654151228963,89.41933992516252,92.02294071872608,77.29086160261791,79.4284896850586
2018-08-01 00:00:00+05:30,92.6831864030394,92.6831864030394,90.93914794921876,90.93914794921876,8999,0.0,0.0,0.0,2.134894297480163,91.0861442565918,101.1765562387293,80.99573227445428,91.73642341613035,89.41933992516252,90.57788167064643,77.29086160261791,76.78752136230469
2018-08-02 00:00:00+05:30,92.68317100421342,92.68317100421342,90.34117841887355,90.78964233398438,9839,0.0,0.0,-0.001644018210043896,2.1313844923785865,91.64672737121582,100.23659794834656,83.05685679408508,93.67978361012237,89.41933992516252,91.54956176764244,78.85837780806872,76.7376937866211
2018-08-03 00:00:00+05:30,94.17808144991515,94.17808144991515,89.69341090468109,91.18830108642578,6193,0.0,0.0,0.004391015783219876,2.140743435324731,92.23970108032226,98.69943439198576,85.77996776865876,93.67978361012237,89.41933992516252,91.54956176764244,78.85837780806872,76.7376937866211
2018-08-06 00:00:00+05:30,91.18830166247896,91.78625621827328,90.14187548728536,90.73983764648438,14114,0.0,0.0,-0.004917993148225941,2.1302152737776945,92.47140998840332,98.33299812113037,86.60982185567627,93.67978361012237,89.41933992516252,91.54956176764244,78.85837780806872,77.03667449951172
2018-08-07 00:00:00+05:30,93.67978143380894,93.67978143380894,81.77049311204286,91.7364273071289,34219,0.0,0.0,0.010982934138885847,2.1536112878312434,92.5386806488037,98.33299277476516,86.74436852284225,87.97428728097901,89.41933992516252,88.69681360307077,79.03254071876549,74.99364471435547
2018-08-08 00:00:00+05:30,93.67977655739944,94.67636992503134,88.6469770094967,93.62994384765624,12012,0.0,0.0,0.020640835882870467,2.1980636249788654,92.65578002929688,98.43878051273471,86.87277954585905,88.2234315185371,89.76815232384337,88.99579192119023,79.08230576143245,73.39910125732422
2018-08-09 00:00:00+05:30,95.57331446936438,96.66956575622828,93.13165592688073,94.72621154785156,12967,0.0,0.0,0.011708516048872575,2.2237996882083735,92.7330165863037,98.58364194457194,86.88239122803547,89.22002943413557,90.86439651405875,90.04221297409717,79.53016650447672,70.80796813964844
2018-08-10 00:00:00+05:30,97.66614843358848,98.36376073818114,93.879090657047,94.97534942626952,9618,0.0,0.0,0.002630083842127595,2.2296484678364585,92.57356147766113,97.9753141821463,87.17180877317595,90.067126925112,90.86439651405875,90.46576171958537,79.53016650447672,71.45574188232422
2018-08-13 00:00:00+05:30,97.66615244179437,97.66615244179437,91.287953210629,95.9719467163086,25863,0.0,0.0,0.010493220567856287,2.2530446609982495,92.33687057495118,96.56961643567395,88.1041247142284,90.067126925112,90.86439651405875,90.46576171958537,79.53016650447672,70.95744323730469
2018-08-14 00:00:00+05:30,97.6661553397102,97.6661553397102,94.12824565083852,95.7228012084961,10989,0.0,0.0,-0.0025960243210337852,2.247195702261923,92.30697288513184,96.43268646226949,88.1812593079942,90.067126925112,93.25622826838395,91.66167759674798,80.15219464706487,71.35608673095703
2018-08-16 00:00:00+05:30,98.06479002055428,98.66274452731172,94.6763710110567,94.8756866455078,7442,0.0,0.0,-0.00884966332256798,2.227308776876983,92.26960029602051,96.28538179593141,88.25381879610961,90.21661881967728,93.25622826838395,91.73642354403061,82.2948735533873,70.80796813964844
2018-08-17 00:00:00+05:30,97.66615598187926,100.65593626703884,93.5302917333943,97.26751708984376,20746,0.0,0.0,0.025210151608944464,2.2834595688219843,92.45895309448242,97.01258810560054,87.9053180833643,91.21321468954085,93.25622826838395,92.2347214789624,82.44436743833154,71.60523986816406
2018-08-20 00:00:00+05:30,95.67296694046442,96.8190508776196,92.6831867235749,92.78284454345705,10939,0.0,0.0,-0.04610657987953293,2.1781770578104096,92.66823768615723,96.85921983026871,88.47725554204574,91.21321468954085,93.25622826838395,92.2347214789624,83.29146786076535,71.25642395019531
2018-08-21 00:00:00+05:30,94.67636165848958,94.67636165848958,88.74663468018763,91.78623962402344,7954,0.0,0.0,-0.01074126283083321,2.154780685540377,92.68567733764648,96.8586981549746,88.51265652031836,94.65145663826777,93.25622826838395,93.95384245332586,86.58022746285705,69.71170806884766
2018-08-23 00:00:00+05:30,94.12823383120394,94.12823383120394,88.44765508142056,90.44084167480467,3876,0.0,0.0,-0.014657948236356688,2.123196021791025,92.62338981628417,96.8913501013443,88.35542953122405,94.55179567422971,93.10674064975531,93.8292681619925,88.32426433926204,70.50897979736328
2018-08-24 00:00:00+05:30,93.58012405250572,93.58012405250572,88.29817586291529,89.29476928710938,5539,0.0,0.0,-0.012672066806014404,2.096290739960625,92.52871322631836,97.001188426284,88.05623802635272,94.47705606497706,93.10674064975531,93.7918983573662,88.32426433926204,72.65165710449219
2018-08-27 00:00:00+05:30,93.2811416256649,93.2811416256649,88.69681346180313,92.48387145996094,5082,0.0,0.0,0.035714322331665826,2.171158343148465,92.60844116210937,97.01687911188273,88.20000321233601,94.47705606497706,93.10674064975531,93.7918983573662,88.32426433926204,72.15336608886719
2018-08-28 00:00:00+05:30,92.58353402826886,93.58012748906098,90.6900049320829,90.73983764648438,4795,0.0,0.0,-0.018857707683999858,2.1302152737776936,92.59598388671876,97.02423493285553,88.16773284058198,94.47705606497706,91.21321468954085,92.84513537725896,88.32426433926204,71.20658874511719
2018-08-29 00:00:00+05:30,94.6763744620905,94.6763744620905,88.89612961146429,92.035400390625,2484,0.0,0.0,0.014277772340612227,2.1606300024931864,92.65328826904297,97.02029463145541,88.28628190663053,94.47705606497706,91.21321468954085,92.84513537725896,88.32426433926204,68.81477355957031
2018-08-30 00:00:00+05:30,95.17466053426412,95.17466053426412,87.94935908009224,89.84288787841797,7164,0.0,0.0,-0.023822491159938175,2.1091584133588954,92.59847526550293,97.07747847580389,88.11947205520197,94.30264767356553,91.21321468954085,92.75793118155319,88.32426433926204,69.56221008300781
2018-08-31 00:00:00+05:30,93.67978237257284,93.67978237257284,89.693408654591,90.98898315429688,32609,0.0,0.0,0.012756661133042524,2.1360642325140207,92.60096702575683,97.07628908377127,88.12564496774239,92.38420497885592,91.21321468954085,91.79870983419838,88.32426433926204,70.9076156616211
2018-09-03 00:00:00+05:30,95.07500697975524,95.07500697975524,87.99919572517994,88.54731750488281,34296,0.0,0.0,-0.026834739380190098,2.078743505535161,92.48885078430176,97.24665558242442,87.7310459861791,91.56200980717819,91.21321468954085,91.38761224835952,88.32426433926204,69.21340942382812
2018-09-04 00:00:00+05:30,91.58692292717356,91.58692292717356,85.30838229211362,85.65718841552734,22344,0.0,0.0,-0.03263937486526447,2.010894617009265,92.21229515075683,97.81782317548814,86.60676712602552,90.24152141318888,91.21321468954085,90.72736805136486,88.32426433926204,69.6120376586914
2018-09-05 00:00:00+05:30,88.94596464343878,88.94596464343878,82.9165712817094,83.96299743652344,2649,0.0,0.0,-0.019778736733516156,1.971121661780594,91.87345314025879,98.52765978831869,85.21924649219889,89.04561590798676,91.21321468954085,90.1294152987638,88.32426433926204,71.15676879882812
2018-09-06 00:00:00+05:30,87.5507284269334,87.5507284269334,79.82712959831633,82.81690979003906,25442,0.0,0.0,-0.01364991343181654,1.9442160217337106,91.4274772644043,99.176939222507,83.6780153063016,87.50089506629023,90.24153293267759,88.8712139994839,88.69748008260603,72.25302124023438
2018-09-07 00:00:00+05:30,85.70703104732924,85.70703104732924,78.73087735743034,79.4284896850586,13193,0.0,0.0,-0.04091459236490391,1.8646692157351605,90.71740455627442,99.99882943621913,81.43597967632971,86.95276894584723,89.6934068122346,88.32308787904091,89.17022299825466,73.94721984863281
2018-09-10 00:00:00+05:30,75.89058581840717,79.12951423557868,75.79092800317498,76.78752136230469,30740,0.0,0.0,-0.03324963540444481,1.8026696441620744,89.82047004699707,100.72347600928413,78.91746408471002,85.48279426871954,88.22343213510692,86.85311320191323,89.19510509493088,73.74790954589844
2018-09-11 00:00:00+05:30,75.1929709352689,79.22917735112179,75.1929709352689,76.7376937866211,14860,0.0,0.0,-0.0006489019934435847,1.8014998882364575,88.90858726501465,100.9396647047397,76.8775098252896,85.18381573476651,87.92445360115387,86.5541346679602,89.19510509493088,75.2427978515625
2018-09-12 00:00:00+05:30,74.8441647569197,77.78411992507316,74.8441647569197,76.7376937866211,8581,0.0,0.0,0.0,1.8014998882364575,87.94687461853027,100.63031943018242,75.26342980687812,84.95958586833747,87.75005051197927,86.35481819015837,89.19510509493088,75.94041442871094
2018-09-14 00:00:00+05:30,76.78752614421369,77.73428685298443,76.73769343179232,77.03667449951172,20876,0.0,0.0,0.0038961388873892666,1.8085187820066428,87.01256828308105,100.01954918631137,74.00558737985074,84.95958586833747,87.75005051197927,86.35481819015837,89.19510509493088,76.28922271728516
2018-09-17 00:00:00+05:30,76.73768296352652,76.73768296352652,73.74790310780472,74.99364471435547,9191,0.0,0.0,-0.026520222977293728,1.760556460649203,86.01846618652344,99.50517845200064,72.53175392104625,82.66741301748914,87.20191968742178,84.93466635245545,89.19510509493088,77.28582000732422
2018-09-18 00:00:00+05:30,78.68104141495893,78.68104141495893,73.19977802661488,73.39910125732422,1161,0.0,0.0,-0.021262381140491726,1.7231228381635246,84.82504539489746,98.34336941444191,71.306721375353,81.07287133502683,86.92785714682685,84.00036424092684,89.19510509493088,78.28241729736328
2018-09-19 00:00:00+05:30,75.24280598058601,75.24280598058601,70.2598386971035,70.80796813964844,5639,0.0,0.0,-0.03530197336601881,1.662293201624297,83.72630157470704,98.03661876559173,69.41598438382235,78.90528356201845,85.45788748207117,82.18158552204481,89.19510509493088,78.28241729736328
2018-09-21 00:00:00+05:30,70.80796227187595,74.19637366112667,67.96766507293927,71.45574188232422,8894,0.0,0.0,0.009148317056609123,1.677500386873802,82.70977668762207,97.4717166887291,67.94783668651503,76.83734806013425,84.31180066998905,80.57457436506165,89.29476473428642,82.21894836425781
2018-09-24 00:00:00+05:30,72.25301762925984,74.9438166237466,68.26664424281792,70.95744323730469,7786,0.0,0.0,-0.0069735283952427896,1.6658022902929068,81.73560676574706,96.89866793096533,66.5725456005288,73.59842121203053,84.31180066998905,78.95511094100979,89.41933992516252,84.61078643798828
2018-09-25 00:00:00+05:30,72.7513190275079,72.7513190275079,68.01750032366321,71.35608673095703,4735,0.0,0.0,0.005618064511134557,1.6751608750225682,80.83867263793945,96.23005675731044,65.44728851856847,73.59842121203053,84.31180066998905,78.95511094100979,89.41933992516252,86.30498504638672
2018-09-26 00:00:00+05:30,72.75132233884476,74.69467653804107,69.76154196875525,70.80796813964844,1369,0.0,0.0,-0.00768145530983555,1.6622932016242973,79.75487747192383,94.75717979700379,64.75257514684388,73.3243532439491,84.31180066998905,78.81807695696908,89.41933992516252,88.29817199707031
2018-09-27 00:00:00+05:30,72.75132388845772,74.04689845112095,68.21682052254123,71.60523986816406,1035,0.0,0.0,0.011259632912262507,1.6810100128671364,78.79814758300782,93.30326145519759,64.29303371081805,73.3243532439491,82.39335797527943,77.85885560961427,89.41933992516252,88.79646301269531
2018-09-28 00:00:00+05:30,75.09330679606354,75.09330679606354,69.81136664571372,71.25642395019531,1632,0.0,0.0,-0.004871374198466061,1.6728211840630922,77.75919876098632,91.25382107111261,64.26457645086003,73.3243532439491,81.5711628036017,77.4477580237754,89.41933992516252,92.4340362548828
2018-10-01 00:00:00+05:30,74.694675267576,74.694675267576,68.26665062257825,69.71170806884766,2642,0.0,0.0,-0.021678268368159115,1.6365573175030308,76.75263977050781,89.46402175638768,64.04125778462794,73.3243532439491,81.5711628036017,77.4477580237754,89.41933992516252,91.13845825195312
2018-10-03 00:00:00+05:30,72.75131484392253,72.75131484392253,68.81477413688006,70.50897979736328,3018,0.0,0.0,0.011436697659570116,1.65527412874587,75.72863960266113,86.87505508232722,64.58222412299504,71.60523552676264,81.5711628036017,76.58819916518217,89.41933992516252,91.53709411621094
2018-10-04 00:00:00+05:30,72.75131491931731,73.14995378202175,68.46596045120145,72.65165710449219,2048,0.0,0.0,0.030388715214527018,1.7055757828463027,74.9338565826416,84.44064463363507,65.42706853164812,71.5304859345014,81.5711628036017,76.55082436905155,89.41933992516252,91.78623962402344
2018-10-05 00:00:00+05:30,75.69126821490545,75.69126821490545,69.76154032835692,72.15336608886719,1558,0.0,0.0,-0.0068586324866386494,1.693877865373649,74.2586654663086,82.43478558591929,66.08254534669791,71.85438426928434,81.5711628036017,76.71277353644302,89.41933992516252,91.7364273071289
2018-10-08 00:00:00+05:30,74.14654356286415,74.14654356286415,68.8645959943042,71.20658874511719,1262,0.0,0.0,-0.013121734924797623,1.671651249029234,73.62084503173828,80.55238834749123,66.68930171598534,71.85438426928434,81.5711628036017,76.71277353644302,89.41933992516252,91.18830108642578
2018-10-09 00:00:00+05:30,74.69466821627422,74.69466821627422,68.76494085092551,68.81477355957031,1466,0.0,0.0,-0.033589801557666776,1.6155008153007162,72.92073822021484,78.7203751889246,67.12110125150508,71.95404436872334,81.5711628036017,76.76260358616253,89.41933992516252,91.98556518554688
2018-10-10 00:00:00+05:30,70.75811891055749,71.2065828200379,67.1205521219398,69.56221008300781,9829,0.0,0.0,0.010861570630476214,1.6330476915096968,72.4274242401123,77.56254300382493,67.29230547639968,71.40591016842262,81.09777955084752,76.25184485963507,89.41933992516252,90.68999481201172
2018-10-11 00:00:00+05:30,71.70488574909058,71.70488574909058,67.12055803507943,70.9076156616211,2308,0.0,0.0,0.019341041306879525,1.66463253436729,72.13342895507813,76.89191984969925,67.37493806045701,71.40591016842262,81.09777955084752,76.25184485963507,89.41933992516252,91.03880310058594
2018-10-12 00:00:00+05:30,71.00728060683625,71.50557731284913,67.86800983827419,69.21340942382812,8043,0.0,0.0,-0.02389314916296026,1.6248592209221357,71.75721473693848,76.17406819369648,67.34036128018047,71.40591016842262,79.35373752455668,75.37982384648964,89.41933992516252,94.0784149169922
2018-10-15 00:00:00+05:30,67.81817435354834,72.55199233639755,67.81817435354834,69.6120376586914,16240,0.0,0.0,0.005759407579856157,1.634217447435314,71.40093193054199,75.26232727743376,67.53953658365022,71.40591016842262,78.0332583826893,74.71958427555596,89.41933992516252,92.48387145996094
2018-10-16 00:00:00+05:30,72.10352946774996,72.50216834012909,69.1635820403366,71.15676879882812,4571,0.0,0.0,0.022190574965073706,1.6704816722118587,71.10693664550782,73.96194100052502,68.25193229049061,71.40591016842262,77.3356402744366,74.37077522142961,89.41933992516252,91.23812103271484
2018-10-17 00:00:00+05:30,74.24620803306843,74.24620803306843,69.76153774919182,72.25302124023438,31150,0.0,0.0,0.015406158260298897,1.6962173772248834,70.96990547180175,73.26910535596822,68.67070558763528,71.40591016842262,76.41379158463451,73.90985087652857,89.41933992516252,91.68659210205078
2018-10-19 00:00:00+05:30,73.4987559048123,74.44551649883493,72.35267208866674,73.94721984863281,14224,0.0,0.0,0.02344813516884492,1.7359905115617962,70.99731140136718,73.42268826488547,68.5719345378489,70.90761016910702,73.1748647365308,72.0412374528189,89.41933992516252,90.092041015625
2018-10-22 00:00:00+05:30,76.68785695265035,76.68785695265035,72.90080670017366,73.74790954589844,5173,0.0,0.0,-0.002695304882892935,1.7313114878593279,71.1443084716797,73.8494052586057,68.43921168475369,71.90420453729507,73.1748647365308,72.53953463691293,89.41933992516252,92.0852279663086
2018-10-23 00:00:00+05:30,73.34926896772983,75.69126181726327,73.29944386232077,75.2427978515625,16193,0.0,0.0,0.02027024650418996,1.7664055984937723,71.3336612701416,74.58162234007935,68.08570020020386,71.90420453729507,72.90079676844937,72.40250065287222,89.41933992516252,91.8360824584961
2018-10-24 00:00:00+05:30,75.2428020864893,76.33905331143941,73.49876362753093,75.94041442871094,6786,0.0,0.0,0.009271539563489917,1.7827828978853775,71.58280982971192,75.39863415573606,67.76698550368778,71.90420749386489,72.90079676844937,72.40250213115712,89.41933992516252,87.05243682861328
2018-10-25 00:00:00+05:30,76.73768667597808,76.73768667597808,75.69126063448962,76.28922271728516,6519,0.0,0.0,0.004593183895535091,1.79097154758118,71.82946662902832,76.16336344711175,67.49556981094489,72.27793051476321,72.90079676844937,72.5893636416063,89.41933992516252,87.20191955566406
2018-10-26 00:00:00+05:30,77.23598729673886,79.42848970122013,73.49876210496117,77.28582000732422,58045,0.0,0.0,0.013063408624993889,1.8143677407429706,72.1533592224121,77.06935441353924,67.23736403128497,73.62333202738424,73.27452091157997,73.4489264694821,89.24493326626488,87.05243682861328
2018-10-29 00:00:00+05:30,78.73088130138915,79.72747473558395,74.74450756460995,78.28241729736328,14467,0.0,0.0,0.012894956538529456,1.8377639339047611,72.48721809387207,78.0774645153762,66.89697167236794,74.44552838796028,73.42401342876187,73.93477090836107,88.97087072566995,88.44766235351562
2018-10-30 00:00:00+05:30,80.72406816977875,80.72406816977875,76.53837878752239,78.28241729736328,158961,0.0,0.0,0.0,1.8377639339047611,72.83851776123046,78.94064167866287,66.73639384379806,75.24280295948529,73.92231014585927,74.58255655267229,87.50090106091427,94.62654113769533
2018-10-31 00:00:00+05:30,82.21894836425781,84.71043164802319,78.23257511023319,82.21894836425781,188656,0.0,0.0,0.050286273761082745,1.9301782341933402,73.46387977600098,80.63805843112706,66.2897011208749,78.53155186834496,75.91549188498149,77.22352187666323,86.35481424883216,90.29136657714844
2018-11-01 00:00:00+05:30,85.70703772542322,85.70703772542322,82.81691516516406,84.61078643798828,166810,0.0,0.0,0.029091080843479222,1.9863292052465826,74.16897010803223,82.70218821518446,65.63575200087999,79.30392221279844,76.41379492368151,77.85885856823998,86.35481424883216,93.77944946289062
2018-11-02 00:00:00+05:30,89.19510736434809,89.19510736434809,84.71043716167136,86.30498504638672,164533,0.0,0.0,0.02002343530561701,2.0261023395834954,74.85163650512695,84.86387029615013,64.83940271410377,81.24727561333444,78.15782974314394,79.70255267823919,86.35481424883216,96.3207550048828
2018-11-05 00:00:00+05:30,87.70021748941421,89.1951075602565,86.30498523594726,88.29817199707031,159627,0.0,0.0,0.023094690875762325,2.072894546798835,75.65887680053712,87.17822618281473,64.1395274182595,81.34693483260884,78.15782984109815,79.75238233685349,86.35481424883216,80.97320556640625
2018-11-06 00:00:00+05:30,89.44425018934342,89.69339851856165,86.75345127514801,88.79646301269531,156422,0.0,0.0,0.005643276688010346,2.0845924642714886,76.53837051391602,89.20551918673765,63.871221841094396,81.59608031176141,78.40697532025072,80.00152781600607,86.35481424883216,83.4646987915039
2018-11-07 00:00:00+05:30,88.99579212557765,93.67977798338528,88.99579212557765,92.4340362548828,67622,0.0,0.0,0.04096529432334961,2.1699884081146066,77.71933364868164,91.64208998506805,63.796577312295234,83.58927004417322,80.40016505266254,81.99471754841788,86.35481424883216,87.55072021484375
2018-11-09 00:00:00+05:30,93.67977432008284,93.67977432008284,90.04220709442015,91.13845825195312,157277,0.0,0.0,-0.014016243966207154,2.1395733211826307,78.7981460571289,93.3615338380844,64.23475827617341,84.21214277399761,80.40016505266254,82.30615391333008,86.35481424883216,83.763671875
2018-11-12 00:00:00+05:30,93.62993854912274,93.62993854912274,90.64015861541915,91.53709411621094,153669,0.0,0.0,0.0043739588303741694,2.1489317268040504,79.82961997985839,94.92971858754501,64.72952137217177,85.10907838545384,80.40016505266254,82.75462171905819,86.20532663020352,89.74324035644531
2018-11-13 00:00:00+05:30,92.3841940717122,92.68317509725824,89.99237628095722,91.78623962402344,156310,0.0,0.0,0.0027217983072107543,2.154780685540377,80.95826148986816,96.09032951728923,65.8261934624471,85.95617654680923,80.40016505266254,83.17817079973588,86.20532663020352,87.4510726928711
2018-11-14 00:00:00+05:30,90.69000117528311,93.48046579126895,90.241537177866,91.7364273071289,157684,0.0,0.0,-0.0005426991790771218,2.153611287831243,82.06448097229004,96.94701791850595,67.18194402607413,88.24834657427468,80.40016505266254,84.32425581346861,86.20532663020352,85.10906982421875
2018-11-15 00:00:00+05:30,94.52688763830798,94.52688763830798,89.84290144353649,91.18830108642578,154766,0.0,0.0,-0.0059750116370678175,2.1407434353247305,83.06605758666993,97.56461952595618,68.56749564738368,89.61866239998967,80.82371988012389,85.22119114005679,84.31180066998905,83.41486358642578
2018-11-16 00:00:00+05:30,94.32755793397598,94.32755793397598,89.89271316021528,91.98556518554688,162531,0.0,0.0,0.008743052448860311,2.159460067459328,84.05268478393555,98.14939729533296,69.95597227253813,90.41593643712761,80.82371988012389,85.61982815862575,84.31180066998905,87.00260925292969
2018-11-19 00:00:00+05:30,93.18147818596807,93.18147818596807,89.69340146242918,90.68999481201172,166947,0.0,0.0,-0.01408449652857835,2.1290451596355937,84.88982353210449,98.45975235247364,71.31989471173533,90.64016945672799,80.8237228366937,85.73194614671084,83.88824419448932,92.98216247558594
2018-11-20 00:00:00+05:30,93.13164766315263,93.13164766315263,90.14186754422764,91.03880310058594,153549,0.0,0.0,0.0038461606409532223,2.1372338093313963,85.75436820983887,98.54753069977515,72.9612057199026,91.76133988194282,81.17253099592816,86.46693543893548,83.88824419448932,90.78964233398438
2018-11-21 00:00:00+05:30,87.70021587791742,95.67296277590992,87.70021587791742,94.0784149169922,96419,0.0,0.0,0.03338809071388926,2.208591965634144,86.69614906311035,99.0147316697228,74.3775664564979,91.68658932691366,81.74556856472913,86.7160789458214,83.88824419448932,91.03880310058594
2018-11-22 00:00:00+05:30,96.42041238684776,96.42041238684776,92.03539986356093,92.48387145996094,153423,0.0,0.0,-0.01694908931488881,2.171158343148465,87.52332191467285,99.0282377443064,76.0184060850393,92.06031413238259,82.79199721359218,87.42615567298739,83.88824419448932,89.49407958984375
2018-11-26 00:00:00+05:30,87.89952734462841,94.62653222110724,84.71043177788137,91.23812103271484,179819,0.0,0.0,-0.01346992083679599,2.1419130121421057,88.27076683044433,98.63304311524992,77.90849054563874,90.56542208236456,83.09097506801979,86.82819857519218,83.88824419448932,88.99579620361328
2018-11-27 00:00:00+05:30,92.13505608727525,92.68318549446438,83.26538097751758,91.68659210205078,169449,0.0,0.0,0.004915391332698915,2.1524413527973842,88.99080543518066,98.11447522343077,79.86713564693055,89.84289668218267,84.38654223775725,87.11471945996996,83.88824419448932,89.34461212158203
2018-11-28 00:00:00+05:30,92.13505283593484,92.5835244087374,89.69340215204625,90.092041015625,153846,0.0,0.0,-0.01739132243731978,2.115007551203464,89.58128662109375,97.25537471991301,81.9071985222745,89.84289668218267,84.6606095435107,87.25175311284669,83.88824419448932,94.17807006835938
2018-11-29 00:00:00+05:30,92.68318246150852,92.68318246150852,89.9425507220553,92.0852279663086,155976,0.0,0.0,0.02212389605356946,2.161799758418804,90.27142715454102,95.9653590086181,84.57749530046394,89.84289668218267,84.85992812458426,87.35141240338346,83.88824419448932,94.17807006835938
2018-11-30 00:00:00+05:30,94.37739104231828,94.37739104231828,90.19170184343224,91.8360824584961,153597,0.0,0.0,-0.0027055969053326745,2.1559507996824774,90.75228385925293,95.09628867482397,86.40827904368189,89.84289668218267,84.95958724590446,87.40124196404356,83.88824419448932,97.01836395263672
2018-12-03 00:00:00+05:30,91.68659791797444,93.67978482923476,85.00942480661425,87.05243682861328,66242,0.0,0.0,-0.05208895568955385,2.0436495740089584,90.87436637878417,94.60956021450562,87.13917254306273,89.84289668218267,84.95958724590446,87.40124196404356,83.88824419448932,96.0217742919922
2018-12-04 00:00:00+05:30,87.05242903003071,90.5903385219364,83.86333329907087,87.20191955566406,278631,0.0,0.0,0.0017171572961831583,2.0471588417858095,90.91921310424804,94.44750994047132,87.39091626802477,89.84289668218267,84.95958724590446,87.40124196404356,83.88824419448932,95.2244873046875
2018-12-05 00:00:00+05:30,86.75346335396704,88.6469848369406,84.31180482563035,87.05243682861328,17953,0.0,0.0,-0.0017142137215839792,2.0436495740089584,90.8569263458252,94.60756710739024,87.10628558426016,89.84289668218267,85.58245997572885,87.71267832895576,83.88824419448932,95.7228012084961
2018-12-06 00:00:00+05:30,87.99919837449322,89.44425573214677,84.81009500083105,88.44766235351562,249578,0.0,0.0,0.01602741492060966,2.076403993683927,90.83948631286621,94.63175455726645,87.04721806846598,88.94595659931241,86.47939558718508,87.71267609324875,83.88824419448932,94.77603912353516
2018-12-07 00:00:00+05:30,88.44766504361571,95.67296725844628,85.1589037527449,94.62654113769533,314250,0.0,0.0,0.06985915308290913,2.2214598181406564,90.94911155700683,95.0379224335896,86.86030068042406,89.46917411798194,87.32649374854047,88.39783393326121,83.88824419448932,94.37738800048828
2018-12-10 00:00:00+05:30,95.57331499288668,95.57331499288668,89.29477311028498,90.29136657714844,335223,0.0,0.0,-0.04581351604343842,2.1196869331224155,90.9067569732666,95.00448124117028,86.80903270536291,89.76815027875858,89.61866377600592,89.69340702738225,83.88824419448932,94.17807006835938
2018-12-11 00:00:00+05:30,94.42723677676318,95.27433975487104,88.69682399083824,93.77944946289062,369204,0.0,0.0,0.038631410930765275,2.2015734300804413,91.01887474060058,95.30007994385365,86.73766953734751,89.76815027875858,89.84289668218267,89.80552348047063,83.88824419448932,94.52687072753906
2018-12-12 00:00:00+05:30,95.42381941140545,100.55627701531073,93.77943875726432,96.3207550048828,306174,0.0,0.0,0.02709874665022194,2.261233310694051,91.24560050964355,96.11235738692956,86.37884363235754,92.2098051571908,91.91082899641415,92.06031707680248,83.88824419448932,94.52687072753906
2018-12-13 00:00:00+05:30,97.21767938601282,98.21427268529166,80.72405724158654,80.97320556640625,371166,0.0,0.0,-0.15933792709264516,1.9009330822952217,90.70743942260742,97.32566567000917,84.08921317520567,90.64016712844864,90.64016712844864,90.64016712844864,83.88824419448932,94.52687072753906
2018-12-14 00:00:00+05:30,82.7172537276994,85.20873727371443,80.97321524548887,83.4646987915039,229720,0.0,0.0,0.030769353981600522,1.9594235651996983,90.32125930786133,97.65320367245467,82.98931494326798,90.64016712844864,90.64016712844864,90.64016712844864,81.96980149977969,84.36163330078125
2018-12-17 00:00:00+05:30,83.21554086415813,90.19169399049474,79.97661262693042,87.55072021484375,37160,0.0,0.0,0.04895508499403789,2.05534731237337,90.09951705932617,97.48534894307589,82.71368517557646,90.26644482112057,90.26644482112057,90.26644482112057,81.14760632810196,88.74664306640625
2018-12-18 00:00:00+05:30,84.11247801751706,85.80668362597339,82.21894918233409,83.763671875,12747,0.0,0.0,-0.043255479001778396,1.966442279861642,89.75320091247559,97.63428610347876,81.87211572147243,90.26644482112057,90.26644482112057,90.26644482112057,81.14760632810196,84.36163330078125
2018-12-19 00:00:00+05:30,83.76367984683398,93.77943913839034,83.76367984683398,89.74324035644531,48732,0.0,0.0,0.07138617908690281,2.1068190806159026,89.68842277526855,97.54720015915566,81.82964539138143,90.26644482112057,90.26644482112057,90.26644482112057,81.14760632810196,85.7568588256836
2018-12-20 00:00:00+05:30,91.28795584304554,91.68659473212696,87.20192433762075,87.4510726928711,40604,0.0,0.0,-0.025541396259708304,2.0530079796303777,89.3570556640625,97.00112933272933,81.71298199539567,90.26644482112057,90.26644482112057,90.26644482112057,81.14760632810196,83.91315460205078
2018-12-21 00:00:00+05:30,89.69339750958342,89.69339750958342,84.71043098127322,85.10906982421875,11869,0.0,0.0,-0.02678072202587467,1.998026943610994,88.98831558227539,96.70542747936271,81.27120368518807,90.26644482112057,90.26644482112057,90.26644482112057,81.14760632810196,85.5077133178711
2018-12-24 00:00:00+05:30,84.71043803299798,86.0558375869589,82.71725125575098,83.41486358642578,14035,0.0,0.0,-0.019906294843688443,1.95825363016584,88.59715270996094,96.60916624918126,80.58513917074062,90.26644482112057,90.26644482112057,90.26644482112057,81.14760632810196,90.44084167480467
2018-12-26 00:00:00+05:30,83.71384790116501,89.69340846553393,82.06946722528266,87.00260925292969,11825,0.0,0.0,0.04301086775484153,2.0424798180833412,88.36295356750489,96.2721139499094,80.45379318510038,89.09544265611103,90.26644482112057,89.68094373861581,81.14760632810196,92.33438110351562
2018-12-27 00:00:00+05:30,88.19851136043793,103.54605045118362,86.25515737182373,92.98216247558594,49696,0.0,0.0,0.06872843554924635,2.1828562606211186,88.50745964050293,96.64256972355027,80.37234955745559,91.76133153905701,91.76133153905701,91.76133153905701,81.09777955084752,88.99579620361328
2018-12-28 00:00:00+05:30,98.6627304238401,98.6627304238401,89.79304909737994,90.78964233398438,25433,0.0,0.0,-0.023580008070658187,2.131384492378586,88.44268035888672,96.4818352014435,80.40352551632994,91.76133153905701,91.76133153905701,91.76133153905701,81.09777955084752,89.84288787841797
2018-12-31 00:00:00+05:30,91.6865903137005,93.62994434964016,90.34119078086503,91.03880310058594,32925,0.0,0.0,0.002744374360293067,2.1372338093313963,88.4028163909912,96.38129143952835,80.42434134245406,92.80775883823314,91.76133153905701,92.28454518864507,81.39675744892486,91.18830108642578
2019-01-01 00:00:00+05:30,94.67636160474198,94.67636160474198,88.99578294981879,89.49407958984375,6268,0.0,0.0,-0.0169677484559575,2.1009697636630933,88.52489852905273,96.49157136869349,80.55822568941198,92.80775883823314,91.76133153905701,92.28454518864507,81.77048225439378,91.23812103271484
2019-01-02 00:00:00+05:30,94.67637570452288,94.67637570452288,86.30498938470521,88.99579620361328,6353,0.0,0.0,-0.005567780444406201,2.089272025298681,88.61459236145019,96.55979792780953,80.66938679509086,92.80775883823314,91.76133153905701,92.28454518864507,81.77048225439378,90.78964233398438
2019-01-03 00:00:00+05:30,89.0456310190903,89.99239944137724,88.7964826348156,89.34461212158203,11669,0.0,0.0,0.003919465107887765,2.0974608541027253,88.72920112609863,96.64674615076979,80.81165610142747,92.80775883823314,91.76133153905701,92.28454518864507,81.77048225439378,85.9063491821289
2019-01-04 00:00:00+05:30,90.68999339916088,99.26069455136786,89.69340006510417,94.17807006835938,192781,0.0,0.0,0.05409904225897666,2.210931477485378,89.01572151184082,97.28267758291386,80.74876544076778,92.80775883823314,91.76133153905701,92.28454518864507,81.77048225439378,88.84629821777344
2019-01-07 00:00:00+05:30,96.66955340350115,96.66955340350115,91.6865867332176,94.17807006835938,173832,0.0,0.0,0.0,2.210931477485378,88.99329795837403,97.20083475129123,80.78576116545683,92.80775883823314,91.76133153905701,92.28454518864507,81.77048225439378,90.64016723632812
2019-01-08 00:00:00+05:30,96.37057673542115,97.66615116985228,90.04221029764727,97.01836395263672,162506,0.0,0.0,0.03015876076262458,2.2776104309774157,89.32964782714843,98.25079339800322,80.40850225629364,94.90060391150368,91.76133153905701,93.33096772528035,81.77048225439378,88.34800720214844
2019-01-09 00:00:00+05:30,97.66615495217395,100.0579806757652,94.67637469853598,96.0217742919922,157021,0.0,0.0,-0.010272175493817204,2.254214416923867,89.44176406860352,98.63890892337777,80.24461921382927,93.1814850302352,91.76133153905701,92.4714082846461,81.77048225439378,91.5869369506836
2019-01-10 00:00:00+05:30,94.8258484872478,96.42039615360356,94.67635798028256,95.2244873046875,93195,0.0,0.0,-0.008303189492002483,2.2354972474645445,89.38695068359375,98.42956131104106,80.34434005614645,93.1814850302352,91.76133153905701,92.4714082846461,81.77048225439378,89.34461212158203
2019-01-11 00:00:00+05:30,96.66956191787642,96.66956191787642,94.92552342966732,95.7228012084961,171420,0.0,0.0,0.005233043704547802,2.247195702261923,90.12443046569824,98.69022061938274,81.55864031201374,93.1814850302352,91.76133153905701,92.4714082846461,81.77048225439378,88.34800720214844
2019-01-14 00:00:00+05:30,94.92552966731428,97.66616175744667,94.32757509560273,94.77603912353516,146625,0.0,0.0,-0.009890664220103318,2.224969444133991,90.6899974822998,98.9050230135402,82.4749719510594,93.1814850302352,91.76133153905701,92.4714082846461,81.77048225439378,92.98216247558594
2019-01-15 00:00:00+05:30,95.97194345667457,95.97194345667457,93.58011787579905,94.37738800048828,174760,0.0,0.0,-0.004206243758797079,2.215610680296088,91.03133087158203,99.26370954739006,82.79895219577399,94.4272316552904,91.76133153905701,93.0942815971737,81.77048225439378,91.03880310058594
2019-01-16 00:00:00+05:30,97.66614673755788,97.66614673755788,93.38079235975252,94.17807006835938,127405,0.0,0.0,-0.0021119246500853617,2.2109314774853783,91.55205078125,99.16770852806502,83.93639303443499,94.87569037043468,91.76133153905701,93.31851095474585,81.77048225439378,90.14186096191406
2019-01-17 00:00:00+05:30,94.67636123965076,96.42039947301274,92.83266519934874,94.52687072753906,182253,0.0,0.0,0.003703629294234956,2.2191199480729393,91.79123229980469,99.46551863076247,84.1169459688469,95.05009548670623,91.76133153905701,93.40571351288162,81.77048225439378,92.4340362548828
2019-01-18 00:00:00+05:30,95.22449058292582,95.6729545158576,92.78283249417709,94.52687072753906,155706,0.0,0.0,0.0,2.2191199480729393,92.14502220153808,99.63454883937946,84.6554955636967,95.05009548670623,91.76133153905701,93.40571351288162,83.83841456862527,92.9323272705078
2019-01-21 00:00:00+05:30,93.6797679634439,96.52005727995277,93.43061964439218,94.52687072753906,153093,0.0,0.0,0.0,2.2191199480729393,92.6159122467041,99.42282765058683,85.80899684282137,96.42040658497115,91.76133153905701,94.09086906201408,83.83841456862527,91.63674926757812
2019-01-22 00:00:00+05:30,94.6763735275787,94.6763735275787,81.9199748951327,84.36163330078125,57869,0.0,0.0,-0.10753807196323828,1.980480067402014,92.66325073242187,99.21943992468019,86.10706154016356,89.79306832628968,91.76133153905701,90.77719993267334,83.83841456862527,93.67977905273438
2019-01-23 00:00:00+05:30,85.65719752183418,89.44425538739759,83.8633340092547,88.74664306640625,137292,0.0,0.0,0.05197872058724573,2.083422887454113,92.75045242309571,99.04137342512679,86.45953142106463,89.79306832628968,92.73301267315816,91.26304049972393,83.83841456862527,92.9323272705078
2019-01-24 00:00:00+05:30,88.69681309425793,88.69681309425793,83.81350388636513,84.36163330078125,148689,0.0,0.0,-0.04941042966936604,1.980480067402014,92.31942596435547,99.60242647972031,85.03642544899064,89.79306832628968,92.73301267315816,91.26304049972393,83.83841456862527,93.82926177978516
2019-01-25 00:00:00+05:30,87.65038006417171,87.70021277188086,83.91315508809726,85.7568588256836,133383,0.0,0.0,0.016538626272535994,2.013234487076983,92.06778678894042,99.87935611022152,84.25621746765933,89.79306081634529,92.73301267315816,91.26303674475173,83.83841456862527,92.58352661132812
2019-01-28 00:00:00+05:30,88.69680558507945,89.69339890626011,82.51793003512076,83.91315460205078,165805,0.0,0.0,-0.021499204248845882,1.9699515476384943,91.71150436401368,100.29861268206463,83.12439604596273,89.79306081634529,92.73301267315816,91.26303674475173,83.83841456862527,92.4340362548828
2019-01-29 00:00:00+05:30,85.70702894848274,87.70021566821491,80.82371996445818,85.5077133178711,107078,0.0,0.0,0.019002488029228992,2.007385528340656,91.51218605041504,100.47685499756605,82.54751710326403,88.67188862220547,92.1848852078209,90.42838691501319,83.83841456862527,92.035400390625
2019-01-30 00:00:00+05:30,85.6571908093214,91.68658329566978,83.36503078897174,90.44084167480467,175803,0.0,0.0,0.05769220302494693,2.1231960217910255,91.58443832397461,100.48926511391039,82.67961153403883,88.67188862220547,92.1848852078209,90.42838691501319,83.83841456862527,91.38761138916016
2019-01-31 00:00:00+05:30,92.68318727688757,93.18148398267728,88.54732309815203,92.33438110351562,212643,0.0,0.0,0.020936773626228478,2.167648896263373,91.73392677307129,100.58293463623556,82.88491890990701,88.67188862220547,92.1848852078209,90.42838691501319,83.83841456862527,91.33778381347656
2019-02-01 00:00:00+05:30,92.38420777768316,92.58353102541956,86.60397045460759,88.99579620361328,104224,0.0,0.0,-0.036157548900007996,2.0892720252986816,91.47481307983398,100.32588537324405,82.62374078642391,87.75004674601844,90.44085032011168,89.09544853306505,85.33330424313152,89.84288787841797
2019-02-04 00:00:00+05:30,89.7432300686963,90.68999066615744,85.95617247204481,89.84288787841797,68740,0.0,0.0,0.009518333572370308,2.1091584133588963,91.25805397033692,100.0451144993929,82.47099344128094,87.00260197356772,90.44085032011168,88.7217261468397,85.68211240236599,90.3910140991211
2019-02-05 00:00:00+05:30,89.9923919823919,92.63335855408378,87.6503912816015,91.18830108642578,112460,0.0,0.0,0.014975177666022077,2.140743435324731,90.96655082702637,99.34276212254164,82.59033953151109,87.00260197356772,90.44085032011168,88.7217261468397,85.68211240236599,90.5405044555664
2019-02-06 00:00:00+05:30,92.68317829815255,92.68317829815255,86.80327621877184,91.23812103271484,92413,0.0,0.0,0.0005463414242343756,2.1419130121421066,90.7273681640625,98.77581392892625,82.67892239919874,87.00260197356772,90.44085032011168,88.7217261468397,86.3548162457601,88.54731750488281
2019-02-07 00:00:00+05:30,92.3841899918709,92.3841899918709,88.54730755162437,90.78964233398438,108019,0.0,0.0,-0.004915474953387733,2.131384492378587,90.50562591552735,98.28317922740034,82.72807260365435,87.00260197356772,90.44085032011168,88.7217261468397,86.65379410018772,87.10225677490234
2019-02-08 00:00:00+05:30,88.69681378063419,92.1350580150386,84.71044012757197,85.9063491821289,94078,0.0,0.0,-0.05378689712083551,2.0167439339620756,90.01480331420899,97.6495766775308,82.38002995088718,87.00260197356772,90.44085032011168,88.7217261468397,87.94936126992518,86.50431060791016
2019-02-11 00:00:00+05:30,88.69680769535893,89.69340104025059,84.71043431579223,88.84629821777344,96465,0.0,0.0,0.03422272117991643,2.0857623993053473,89.7183162689209,97.04135251240213,82.39528002543967,88.27325738582451,90.44085032011168,89.3570538529681,88.22342857567864,86.85311126708984
2019-02-12 00:00:00+05:30,91.6865933540128,91.6865933540128,87.35141355849849,90.64016723632812,100572,0.0,0.0,0.020190700733053513,2.1278754037099774,89.5314552307129,96.55061247609952,82.51229798532627,88.94595914923475,90.44085032011168,89.69340473467321,88.4227471567522,87.40122985839844
2019-02-14 00:00:00+05:30,92.683187009323,92.683187009323,86.70362655710862,88.34800720214844,95078,0.0,0.0,-0.025288568016465507,2.0740644818326937,89.23995208740234,95.93641746602925,82.54348670877543,88.69681066255762,90.44085032011168,89.56883049133465,88.5224062780724,89.24493408203125
2019-02-15 00:00:00+05:30,91.68659477214636,93.67978161501912,86.70362766496449,91.5869369506836,106652,0.0,0.0,0.0366610391236577,2.1501018409461508,89.09295539855957,95.43468208561879,82.75122871150035,89.19510796540567,89.24494086095243,89.22002441317905,88.5224062780724,90.14186096191406
2019-02-18 00:00:00+05:30,90.19171510743487,92.93234733445638,88.14869531502038,89.34461212158203,78977,0.0,0.0,-0.02448302021836346,2.0974608541027258,88.83384246826172,94.66382252876087,83.00386240776257,89.19510796540567,89.24494086095243,89.22002441317905,88.5224062780724,91.68659210205078
2019-02-19 00:00:00+05:30,90.09204566737765,91.23812960806625,87.70021996581102,88.34800720214844,91039,0.0,0.0,-0.011154616890354796,2.0740644818326937,88.52489929199218,93.7304110024439,83.31938758154047,89.19510796540567,89.24494086095243,89.22002441317905,89.14527900789679,91.5869369506836
2019-02-20 00:00:00+05:30,89.69340138349621,93.67977477831826,87.79987250027496,92.98216247558594,98695,0.0,0.0,0.05245342164689837,2.18285626062112,88.95592575073242,94.13844568429701,83.77340581716783,89.19510796540567,89.24493335100803,89.22002065820685,90.042214619353,90.88931274414062
2019-02-21 00:00:00+05:30,91.6865903137005,94.52687990599848,89.89271920098388,91.03880310058594,87074,0.0,0.0,-0.020900346079929744,2.137233809331397,89.0705337524414,94.33111512153975,83.80995238334306,89.61865711089536,89.24493335100803,89.43179523095169,90.8893127807084,91.28795623779295
2019-02-22 00:00:00+05:30,91.73641632496012,92.78283472813018,89.44424869313401,90.14186096191406,92236,0.0,0.0,-0.009852305919277882,2.1161771280208406,89.35954513549805,94.16420040120906,84.55488986978705,89.61865711089536,88.67188862220547,89.14527286655041,91.76133153905701,91.03880310058594
2019-02-25 00:00:00+05:30,92.48386896538456,95.67296474898922,91.03880399827923,92.4340362548828,86928,0.0,0.0,0.025428533075628534,2.169988408114607,89.693404006958,94.37537921346319,85.01142880045282,91.18829565304893,88.67188862220547,89.9300921376272,91.76133153905701,91.18830108642578
2019-02-26 00:00:00+05:30,96.6197195203086,96.6197195203086,89.89271459724235,92.9323272705078,93485,0.0,0.0,0.005390774175986213,2.1816863255872607,90.14436264038086,94.20197472801594,86.08675055274578,91.66167303870861,88.72171974238339,90.191696390546,91.76133153905701,90.78964233398438
2019-02-27 00:00:00+05:30,94.47704620490089,95.0750006536097,90.98896971679552,91.63674926757812,87432,0.0,0.0,-0.013941090694506109,2.151271238655285,90.45081443786621,93.94194589169297,86.95968298403946,91.66167359263655,88.72171974238339,90.19169666750997,91.76133153905701,90.59033966064452
2019-02-28 00:00:00+05:30,94.6763724469124,95.5234753112829,91.13846285621874,93.67977905273438,85757,0.0,0.0,0.0222948740705613,2.1992335600127246,90.61276130676269,94.37972208741544,86.84580052610994,92.1599697430598,88.72171974238339,90.4408447427216,91.76133153905701,88.39783477783203
2019-03-01 00:00:00+05:30,93.8292627809307,94.62653287643712,92.23471498651423,92.9323272705078,101188,0.0,0.0,-0.00797879531511081,2.1816863255872607,90.64265861511231,94.47344860703258,86.81186862319204,92.1599697430598,88.72171974238339,90.4408447427216,91.76133153905701,88.89613342285156
2019-03-05 00:00:00+05:30,95.67295788501356,95.67295788501356,92.03539077807974,93.82926177978516,102777,0.0,0.0,0.009651480121299016,2.202742827789576,90.8843318939209,94.87726589922767,86.89139788861414,92.20979601029178,88.72171974238339,90.46575787633759,91.76133153905701,88.34800720214844
2019-03-06 00:00:00+05:30,94.17807450017406,94.17807450017406,91.88590668261772,92.58352661132812,88065,0.0,0.0,-0.013276616961782506,2.1734978549997,91.0213638305664,95.0502677728875,86.9924598882453,93.03198410672131,88.72171974238339,90.87685192455234,91.76133153905701,86.85311126708984
2019-03-07 00:00:00+05:30,94.57671354858788,94.57671354858788,91.68659121778131,92.4340362548828,87027,0.0,0.0,-0.001614653944571609,2.169988408114607,91.08365058898926,95.15970775081307,87.00759342716545,93.03198410672131,88.72171974238339,90.87685192455234,91.76133153905701,84.11248016357422
2019-03-08 00:00:00+05:30,93.3807999807212,93.6299483345688,91.6865942159192,92.035400390625,94428,0.0,0.0,-0.004312652356309288,2.1606300024931877,91.12351455688477,95.22060379331322,87.02642532045633,93.25621705877548,89.99237515464017,91.62429610670782,91.76133153905701,85.60738372802734
2019-03-11 00:00:00+05:30,96.4702437924469,96.4702437924469,90.6899990531896,91.38761138916016,96031,0.0,0.0,-0.007038476485302869,2.1454224590271997,91.15341300964356,95.24903131946351,87.0577946998236,93.25621705877548,90.66507691805042,91.96064698841295,91.76133153905701,84.81008911132812
2019-03-12 00:00:00+05:30,91.6865899720372,92.68318334129847,90.29135773439064,91.33778381347656,87966,0.0,0.0,-0.0005452333738258375,2.1442527031015826,91.42498474121093,94.72893877963665,88.12103070278522,93.38080076341876,90.66507691805042,92.02293884073458,91.76133153905701,91.48727416992188
2019-03-13 00:00:00+05:30,91.68658397018112,92.63334456764224,88.69680405811002,89.84288787841797,97907,0.0,0.0,-0.01636667622800403,2.1091584133588963,91.47481422424316,94.64777404936994,88.30185439911638,92.58352392527846,90.66507691805042,91.62430042166443,91.76133153905701,88.84629821777344
2019-03-14 00:00:00+05:30,90.68999514646,90.68999514646,89.19510511657329,90.3910140991211,85851,0.0,0.0,0.006100941695517337,2.1220262658654088,91.46235656738281,94.65041090298486,88.27430223178077,92.58352392527846,90.66507691805042,91.62430042166443,91.76133153905701,90.73983764648438
2019-03-15 00:00:00+05:30,90.64016227002736,93.48045940428928,86.7036215732912,90.5405044555664,114322,0.0,0.0,0.0016538187776207192,2.1255357127505015,91.57198143005371,94.45743567281046,88.68652718729696,91.58693268286905,90.66507691805042,91.12600480045973,91.76133153905701,87.40122985839844
2019-03-18 00:00:00+05:30,93.6797747709958,93.6797747709958,88.34800187651884,88.54731750488281,92012,0.0,0.0,-0.022014312408230152,2.078743505535162,91.42000045776368,94.59523991558554,88.24476099994182,91.58693268286905,90.66507691805042,91.12600480045973,91.76133153905701,82.31861877441406
2019-03-19 00:00:00+05:30,89.6933978590383,89.6933978590383,86.70361793040368,87.10225677490234,81814,0.0,0.0,-0.016319644351742046,2.0448191508263345,91.3078826904297,94.90369079459965,87.71207458625973,91.58693086142529,90.66507691805042,91.12600388973786,91.76133153905701,87.6005630493164
2019-03-20 00:00:00+05:30,88.69681305786649,88.69681305786649,85.95618119371893,86.50431060791016,97650,0.0,0.0,-0.006864875711974472,2.0307817215024464,91.21569786071777,95.18929810474005,87.24209761669549,91.21321249308292,90.66507691805042,90.93914470556666,91.76133153905701,87.99919891357422
2019-03-22 00:00:00+05:30,87.70021408702236,87.89952971404044,86.30498188768443,86.85311126708984,93944,0.0,0.0,0.004032176624823469,2.0389701920900074,90.90924530029297,95.2251374564739,86.59335314411203,91.21321249308292,91.28795035701377,91.25058142504835,91.76133153905701,83.16571044921875
2019-03-25 00:00:00+05:30,87.15208153200231,88.34799806074581,85.80668209014395,87.40122985839844,97995,0.0,0.0,0.0063108688141639835,2.0518378654882783,90.7273666381836,95.30753496225401,86.14719831411318,89.74322843056987,91.21320080522628,90.47821461789808,91.76133153905701,84.90975952148438
2019-03-26 00:00:00+05:30,86.70361809646315,89.69339803082394,85.8066825954742,89.24493408203125,420218,0.0,0.0,0.0210947171638185,2.0951208049267667,90.68252029418946,95.30256660556543,86.06247398281349,89.74322843056987,91.21320080522628,90.47821461789808,91.76133153905701,84.61078643798828
2019-03-27 00:00:00+05:30,89.69339701818453,93.67977021899272,88.74663642435397,90.14186096191406,99387,0.0,0.0,0.010050171352677495,2.11617712802084,90.56791152954102,95.12099137260442,86.01483168647762,89.74322843056987,91.21320080522628,90.47821461789808,91.76133153905701,86.95276641845703
2019-03-28 00:00:00+05:30,92.53369496492152,92.53369496492152,90.6899987096372,91.68659210205078,84385,0.0,0.0,0.01713666795485147,2.1524413527973847,90.50562477111816,94.9595605961867,86.05168894604962,89.74322843056987,91.21320080522628,90.47821461789808,91.76133153905701,88.24834442138672
2019-04-01 00:00:00+05:30,93.67978161501912,93.67978161501912,90.24153735242538,91.5869369506836,84126,0.0,0.0,-0.001086910845767619,2.1501018409461503,90.50313415527344,94.95456500790047,86.05170330264642,89.74323185258154,91.21320080522628,90.47821632890391,91.76133153905701,85.00941467285156
2019-04-02 00:00:00+05:30,93.08182273083332,93.08182273083332,90.68999711053404,90.88931274414062,98901,0.0,0.0,-0.007617071055871394,2.1337243624463036,90.36361083984374,94.57387945129085,86.15334222839664,89.74323185258154,91.21320080522628,90.47821632890391,91.76133153905701,87.75004577636719
2019-04-03 00:00:00+05:30,93.67978197921988,93.67978197921988,90.69000170328734,91.28795623779295,94488,0.0,0.0,0.004386032654626115,2.1430829471759645,90.28139228820801,94.34804597090152,86.2147386055145,89.74323203468191,91.21320080522628,90.4782164199541,91.76133153905701,86.45447540283203
2019-04-04 00:00:00+05:30,92.48386805344212,92.48386805344212,89.24493959127335,91.03880310058594,80366,0.0,0.0,-0.0027293100587990615,2.1372338093313963,90.14186935424804,93.88752124561006,86.39621746288603,89.74323203468191,91.21320080522628,90.4782164199541,91.76133153905701,85.00941467285156
2019-04-05 00:00:00+05:30,91.686597813674,92.03540400206684,90.69000435917756,91.18830108642578,90233,0.0,0.0,0.0016421347903121664,2.1407434353247305,90.07210807800293,93.68129619105287,86.46291996495299,89.74323203468191,91.21320080522628,90.4782164199541,91.76133153905701,87.50089263916016
2019-04-08 00:00:00+05:30,92.633338301022,92.633338301022,89.7432239975915,90.78964233398438,89828,0.0,0.0,-0.004371819056740223,2.1313844923785865,89.98988838195801,93.45038624726514,86.52939051665088,89.74323228734704,91.13846294129542,90.44084761432123,91.76133153905701,89.34461212158203
2019-04-09 00:00:00+05:30,91.68659085672896,91.68659085672896,89.89271973338784,90.59033966064452,93600,0.0,0.0,-0.0021952137734686517,2.1267056477843593,89.91763534545899,93.26141280772111,86.57385788319687,91.21320920178692,91.13846294129542,91.17583607154117,91.76133153905701,87.55072021484375
2019-04-10 00:00:00+05:30,92.68318959622351,92.68318959622351,87.7500551268186,88.39783477783203,88986,0.0,0.0,-0.024202413756540753,2.0752342377583104,89.76814651489258,93.1029029540162,86.43339007576895,90.71491855301923,91.13846294129542,90.92669074715732,91.76133153905701,88.0988540649414
2019-04-11 00:00:00+05:30,88.59715994745866,89.99239230950619,88.59715994745866,88.89613342285156,91585,0.0,0.0,0.005637000569888251,2.0869323343392057,89.64606399536133,92.91958365537684,86.37254433534582,90.71491855301923,91.13846294129542,90.92669074715732,92.1848852078209,87.25175476074219
2019-04-12 00:00:00+05:30,89.6934067832158,89.9425551353914,87.70021996581102,88.34800720214844,103570,0.0,0.0,-0.0061659174544280715,2.074064481832693,89.57131996154786,92.89189014476678,86.25074977832894,90.69000097251545,91.13846294129542,90.91423195690544,92.1848852078209,88.74664306640625
2019-04-15 00:00:00+05:30,90.64016140425989,90.64016140425989,84.71043406132841,86.85311126708984,104006,0.0,0.0,-0.016920539380567257,2.0389701920900074,89.3944248199463,92.89552560349496,85.89332403639763,89.19510802027415,90.59033892688765,89.8927234735809,92.1848852078209,90.73983764648438
2019-04-16 00:00:00+05:30,86.35481519848548,86.70362134990201,82.96639629171658,84.11248016357422,107221,0.0,0.0,-0.03155478328332606,1.9746309295574456,89.07302360534668,93.22215419180841,84.92389301888494,87.82479294397004,89.71832004208173,88.77155649302588,92.1848852078209,90.68999481201172
2019-04-18 00:00:00+05:30,86.65380234779704,86.70363506448348,84.71044805150684,85.60738372802734,92108,0.0,0.0,0.017772672515968813,2.009725398408373,88.9260269165039,93.34195907288151,84.5100947601263,87.82479294397004,89.71832004208173,88.77155649302588,92.1848852078209,90.64016723632812
2019-04-22 00:00:00+05:30,86.70361791991503,86.70361791991503,84.71043130106641,84.81008911132812,111108,0.0,0.0,-0.009313386088660391,1.991008049840809,88.8114185333252,93.5231179998976,84.0997190667528,87.82479294397004,88.32308913546822,88.07394103971913,92.1848852078209,89.49407958984375
2019-04-23 00:00:00+05:30,87.70021633238893,97.66615000652403,84.7104362301484,91.48727416992188,135315,0.0,0.0,0.07873102278938493,2.1477621499866744,89.06056671142578,93.78503585889234,84.33609756395921,90.3162731491203,90.3162731491203,90.3162731491203,92.1848852078209,87.65038299560547
2019-04-24 00:00:00+05:30,94.37738671987994,94.37738671987994,88.14867831430698,88.84629821777344,114188,0.0,0.0,-0.028867140005103598,2.085762399305347,89.16022605895996,93.77590452259241,84.54454759532751,90.3162731491203,90.3162731491203,90.3162731491203,90.44085032011168,88.14868927001953
2019-04-25 00:00:00+05:30,89.49409582049422,91.686598392875,89.39443039169126,90.73983764648438,86879,0.0,0.0,0.021312530366427218,2.130215273777694,89.32715644836426,93.91744121028196,84.73687168644656,90.3162731491203,90.3162731491203,90.3162731491203,90.44085032011168,91.88591003417967
2019-04-26 00:00:00+05:30,93.67977072494212,93.67977072494212,86.7036175858507,87.40122985839844,89761,0.0,0.0,-0.03679318670475151,2.051837865488278,89.23497123718262,93.90240549343332,84.56753698093192,90.3162731491203,90.3162731491203,90.3162731491203,90.44085032011168,89.94255065917969
2019-04-30 00:00:00+05:30,87.40124393054892,88.09886391882138,81.27220019711248,82.31861877441406,215049,0.0,0.0,-0.05815262659597442,1.9325181042610569,88.84380912780762,94.38202567180167,83.30559258381356,89.46917510181825,89.46917510181825,89.46917510181825,90.44085032011168,90.092041015625
2019-05-02 00:00:00+05:30,83.01623484267392,89.19511099900888,81.22236364714216,87.6005630493164,97510,0.0,0.0,0.0641646367922788,2.056517426515471,88.6395076751709,94.04150709336707,83.23750825697473,89.4442568268331,89.4442568268331,89.4442568268331,90.44085032011168,91.33778381347656
2019-05-03 00:00:00+05:30,90.64016530040205,90.64016530040205,85.80668890511194,87.99919891357422,105904,0.0,0.0,0.004550608470785589,2.06587583213689,88.46012077331542,93.69250819301719,83.22773335361366,89.4442568268331,89.4442568268331,89.4442568268331,90.44085032011168,90.29136657714844
2019-05-06 00:00:00+05:30,89.64356710216988,89.64356710216988,81.96980149311234,83.16571044921875,240701,0.0,0.0,-0.0549265052867417,1.9524044923212713,88.07394065856934,93.66404095095872,82.48384036617996,89.4442568268331,89.4442568268331,89.4442568268331,90.44085032011168,90.88931274414062
2019-05-07 00:00:00+05:30,83.86334095335125,93.67978498717778,83.36504422469606,84.90975952148438,141798,0.0,0.0,0.020970771040674796,1.9933479199085256,87.75503082275391,93.3024344583033,82.20762718720452,89.4442568268331,89.4442568268331,89.4442568268331,90.44085032011168,90.29136657714844
2019-05-08 00:00:00+05:30,86.05584391641553,89.69341157311733,81.02305149574454,84.61078643798828,165805,0.0,0.0,-0.0035210685459595714,1.9863292052465817,87.43362998962402,92.92677376078618,81.94048621846187,87.70021910781225,89.3446007511343,88.52240992947327,90.44085032011168,90.04222106933594
2019-05-09 00:00:00+05:30,82.11929037891406,89.69339802476942,82.11929037891406,86.95276641845703,89544,0.0,0.0,0.02767944938303102,2.041309703941241,87.22185325622559,92.43622205905989,82.00748445339129,87.35141824146116,89.3446007511343,88.34800949629772,89.24494086095243,90.73983764648438
2019-05-10 00:00:00+05:30,90.689995094097,90.689995094097,86.25515771602194,88.24834442138672,177349,0.0,0.0,0.01489979049884127,2.0717247908732173,87.0947883605957,92.07110256322456,82.11847415796684,87.35141824146116,89.3446007511343,88.34800949629772,89.24494086095243,90.04222106933594
2019-05-13 00:00:00+05:30,88.94595531196352,88.94595531196352,83.31520143820048,85.00941467285156,85113,0.0,0.0,-0.03670244206587303,1.9956874317597602,86.81574211120605,91.59670180543228,82.03478241697982,87.35141824146116,89.3446007511343,88.34800949629772,89.24494086095243,90.14186096191406
2019-05-14 00:00:00+05:30,87.20191640332764,89.54390920890769,82.96639474945172,87.75004577636719,90430,0.0,0.0,0.032239148029222564,2.060026694292322,86.78335266113281,91.52927149022885,82.03743383203677,87.35141824146116,89.3446007511343,88.34800949629772,89.24493335100803,89.84288787841797
2019-05-15 00:00:00+05:30,90.6899972525385,90.6899972525385,85.90634600444957,86.45447540283203,104012,0.0,0.0,-0.014764327039064384,2.0296117864685876,86.66126976013183,91.30699928668962,82.01554023357404,87.35141824146116,89.3446007511343,88.34800949629772,89.24493335100803,89.74324035644531
2019-05-16 00:00:00+05:30,89.64356760638212,89.64356760638212,78.68104090126617,85.00941467285156,94184,0.0,0.0,-0.016714701271938193,1.9956874317597604,86.494340133667,91.12538472880242,81.86329553853157,86.18041294422198,88.1735954538951,87.17700419905854,88.72171974238339,89.99239349365234
2019-05-17 00:00:00+05:30,86.60395717043828,89.69339480412181,84.71042842611504,87.50089263916016,102025,0.0,0.0,0.029308259278066462,2.054177556447754,86.5267292022705,91.17658453126276,81.87687387327824,86.18041294422198,88.1735954538951,87.17700419905854,88.72171974238339,90.64016723632812
2019-05-20 00:00:00+05:30,87.50091559863043,90.69001187598424,87.50091559863043,89.34461212158203,101552,0.0,0.0,0.02107086484277465,2.0974608541027253,86.7883358001709,91.45431937144734,82.12235222889446,84.6855263886252,88.1735954538951,86.42956092126016,88.72171974238339,89.89271545410156
2019-05-21 00:00:00+05:30,91.6865839461383,91.6865839461383,86.45446910138584,87.55072021484375,113336,0.0,0.0,-0.02007834455979407,2.055347312373371,86.88550262451172,91.52972044560644,82.24128480341699,85.18381242370224,88.1735954538951,86.67870393879866,88.72171974238339,89.94255065917969
2019-05-22 00:00:00+05:30,87.7500479115216,89.59374409680103,86.80327966263485,88.0988540649414,94704,0.0,0.0,0.006260757749937174,2.068215343988125,87.04994087219238,91.62008135469388,82.47980038969088,85.18381242370224,88.1735954538951,86.67870393879866,88.72171974238339,90.19170379638672
2019-05-23 00:00:00+05:30,89.29476665814832,89.29476665814832,86.70362535221135,87.25175476074219,93598,0.0,0.0,-0.009615327159361087,2.0483287768196687,86.83816490173339,90.92863710853376,82.74769269493302,85.18381242370224,88.1735954538951,86.67870393879866,88.72171974238339,90.092041015625
2019-05-24 00:00:00+05:30,88.74664306640625,89.69340373109507,86.55413307982595,88.74664306640625,92076,0.0,0.0,0.01713304574519192,2.083422887454113,86.83318214416504,90.91398424661172,82.75238004171835,85.18381242370224,88.1735954538951,86.67870393879866,88.72171974238339,90.19170379638672
2019-05-27 00:00:00+05:30,91.3876173132755,99.06139152341764,86.00601870772181,90.73983764648438,152902,0.0,0.0,0.02245937999690506,2.130215273777694,86.83318214416504,90.91398424661172,82.75238004171835,88.8712162123419,88.8712162123419,88.8712162123419,88.72171974238339,90.04222106933594
2019-05-28 00:00:00+05:30,93.6299421519187,94.12823882670996,88.79646592712412,90.68999481201172,186230,0.0,0.0,-0.0005492938467317465,2.129045159635594,86.9976203918457,91.41190731836336,82.58333346532804,88.8712162123419,88.8712162123419,88.8712162123419,88.72171974238339,89.84288787841797
2019-05-29 00:00:00+05:30,92.18489005702374,92.68318676003469,89.69340654196904,90.64016723632812,92712,0.0,0.0,-0.0005494274841109092,2.127875403709977,87.4136978149414,91.54189364297932,83.28550198690348,91.88590997476635,88.8712162123419,90.37856309355413,89.79305790601259,94.0285873413086
2019-05-30 00:00:00+05:30,90.6401557791785,92.73300775000598,88.79645973176682,89.49407958984375,96593,0.0,0.0,-0.0126443681805678,2.1009697636630937,87.50837364196778,91.73611154114299,83.28063574279257,92.53370511556972,88.8712162123419,90.7024606639558,89.79305790601259,92.4340362548828
2019-05-31 00:00:00+05:30,88.69680906526511,91.58693133076916,86.45447400462639,87.65038299560547,93248,0.0,0.0,-0.02060132472100995,2.057687003332847,87.49093284606934,91.71324333087001,83.26862236126867,92.53370511556972,88.8712162123419,90.7024606639558,90.3162731491203,92.28453826904295
2019-06-03 00:00:00+05:30,88.4975030668076,89.64357947315206,87.75005796524133,88.14868927001953,101558,0.0,0.0,0.005685157980873212,2.0693852790219838,87.74008178710938,91.46592307904606,84.01424049517269,92.53370511556972,88.8712162123419,90.7024606639558,90.3162731491203,90.24153137207033
2019-06-04 00:00:00+05:30,88.69681414016472,101.25388967752964,87.75005343508651,91.88591003417967,378053,0.0,0.0,0.04239678201807617,2.1571205556080946,88.08888931274413,91.99342841041519,84.18435021507307,93.62995419262572,89.96746528939791,91.7987097410118,90.3162731491203,90.092041015625
2019-06-06 00:00:00+05:30,92.18488571716478,92.18488571716478,89.64356961008677,89.94255065917969,110013,0.0,0.0,-0.021149699385652254,2.1114981043183723,88.35547752380371,91.98959986648866,84.72135518111877,93.62995419262572,89.96746528939791,91.7987097410118,90.3162731491203,89.39442443847656
2019-06-07 00:00:00+05:30,91.68658886653616,91.68658886653616,89.69340215204625,90.092041015625,184699,0.0,0.0,0.0016620648997578424,2.115007551203465,88.5124412536621,92.16197840707092,84.86290410025329,93.62995419262572,89.96746528939791,91.7987097410118,89.46917510181825,89.84288787841797
2019-06-10 00:00:00+05:30,90.7398293126006,92.68318334129847,89.84289375958465,91.33778381347656,101609,0.0,0.0,0.013827445619036594,2.1442527031015826,88.6669132232666,92.5169155317848,84.8169109147484,93.85418184107802,89.96746528939791,91.91082356523796,89.4442568268331,89.94255065917969
2019-06-11 00:00:00+05:30,93.67978588516516,93.67978588516516,88.69681855084787,90.29136657714844,98750,0.0,0.0,-0.011456564771322286,2.1196869331224164,88.93101081848144,92.4480084687328,85.41401316823008,93.85418184107802,89.96746528939791,91.91082356523796,89.4442568268331,91.33778381347656
2019-06-12 00:00:00+05:30,91.73642319547874,92.53369333330916,89.69340373569301,90.88931274414062,152196,0.0,0.0,0.006622406877420328,2.1337243624463045,89.08797416687011,92.66051389945875,85.51543443428147,93.85418184107802,89.96746528939791,91.91082356523796,89.4442568268331,91.43744659423828
2019-06-13 00:00:00+05:30,92.73302513300676,92.73302513300676,89.14528256957452,90.29136657714844,119067,0.0,0.0,-0.006578839127934,2.119686933122417,89.27981872558594,92.67168615702386,85.88795129414802,93.85418184107802,89.96746528939791,91.91082356523796,89.4442568268331,86.45447540283203
2019-06-14 00:00:00+05:30,91.68660186255184,92.33438915726174,89.69341486553984,90.04222106933594,93958,0.0,0.0,-0.0027593502818413773,2.1138379743860902,89.53145904541016,92.30256466329203,86.76035342752829,94.50197155630808,89.96746528939791,92.23471842285299,89.3446007511343,86.205322265625
2019-06-17 00:00:00+05:30,89.69341147129077,93.67978531445924,88.39783693089913,90.73983764648438,97374,0.0,0.0,0.007747660695877734,2.130215273777695,89.69340629577637,92.34567615445633,87.04113643709641,94.50197155630808,89.96746528939791,92.23471842285299,89.3446007511343,89.94255065917969
2019-06-18 00:00:00+05:30,91.68660186255184,91.68660186255184,89.69341486553984,90.04222106933594,89535,0.0,0.0,-0.007688095937159356,2.11383797438609,89.72828674316406,92.3796295067605,87.07694397956763,91.03881140803215,89.96746528939791,90.50313834871503,89.3446007511343,93.43063354492188
2019-06-19 00:00:00+05:30,92.68317691879068,92.68317691879068,89.69339701818453,90.14186096191406,90908,0.0,0.0,0.0011065907903515804,2.116177128020841,89.85784378051758,92.31499361859305,87.40069394244212,91.03881140803215,89.96746528939791,90.50313834871503,89.3446007511343,92.63335418701172
2019-06-20 00:00:00+05:30,88.69680405811002,91.8360744864654,88.69680405811002,89.84288787841797,103979,0.0,0.0,-0.0033166952657257553,2.109158413358897,89.9450454711914,92.26480790260457,87.62528303977824,91.03881140803215,89.96746528939791,90.50313834871503,89.3446007511343,93.13164520263672
2019-06-21 00:00:00+05:30,94.07842020523266,94.07842020523266,81.72066029802168,89.74324035644531,93507,0.0,0.0,-0.0011091308875501582,2.1068190806159044,90.06961975097656,92.03434171513288,88.10489778682023,87.89954025162717,89.96746528939791,88.93350277051255,89.3446007511343,92.28453826904295
2019-06-24 00:00:00+05:30,91.5869415269433,91.5869415269433,89.64357969599716,89.99239349365234,139013,0.0,0.0,0.00277628862315904,2.1126682184604726,90.13190727233886,92.00053344537653,88.2632810993012,87.89954025162717,91.48727498777566,89.69340761970142,88.1735954538951,91.08863067626952
2019-06-25 00:00:00+05:30,91.43744500250732,91.63676064235,88.0490259013521,90.64016723632812,102105,0.0,0.0,0.00719809438918273,2.1278754037099774,90.12692375183106,91.98949443073074,88.26435307293137,87.89954025162717,91.48727498777566,89.69340761970142,88.1735954538951,92.18488311767578
2019-06-26 00:00:00+05:30,91.487270867121,91.487270867121,89.69339982917599,89.89271545410156,106075,0.0,0.0,-0.008246363670950774,2.110328169284514,90.08705978393554,91.93360527056116,88.24051429730993,87.89954025162717,91.48727498777566,89.69340761970142,88.1735954538951,90.73983764648438
2019-06-27 00:00:00+05:30,91.38760798851962,91.38760798851962,89.69340231940357,89.94255065917969,97027,0.0,0.0,0.0005543853562146595,2.1114981043183727,90.05217895507812,91.88170817759675,88.22264973255949,87.89954025162717,91.48727498777566,89.69340761970142,88.1735954538951,90.68999481201172
2019-06-28 00:00:00+05:30,91.63676120259142,91.63676120259142,89.69340709032934,90.19170379638672,92282,0.0,0.0,0.002770136441328619,2.1173472421629413,90.08706016540528,91.89902490426394,88.27509542654661,87.89954025162717,91.48727498777566,89.69340761970142,88.1735954538951,90.19170379638672
2019-07-01 00:00:00+05:30,91.63675615731236,91.63675615731236,89.69340215204625,90.092041015625,150967,0.0,0.0,-0.0011050105116842124,2.115007551203466,90.20914306640626,91.63127974972795,88.78700638308456,87.89954025162717,91.48727498777566,89.69340761970142,88.1735954538951,90.73983764648438
2019-07-02 00:00:00+05:30,90.69000050244412,91.5371033820608,89.69340709032934,90.19170379638672,190229,0.0,0.0,0.001106232910679017,2.117347242162942,90.31129379272461,91.37051468893412,89.2520728965151,87.89954025162717,91.48727498777566,89.69340761970142,88.1735954538951,91.43744659423828
2019-07-03 00:00:00+05:30,91.18830511329884,91.43745348792534,89.49409920720063,90.04222106933594,314861,0.0,0.0,-0.00165738888122402,2.1138379743860907,90.21910934448242,90.99429420061585,89.44392448834898,87.89954025162717,91.48727498777566,89.69340761970142,88.8712162123419,93.18148040771484
2019-07-04 00:00:00+05:30,91.18828731816927,92.58351946448316,89.69339736213372,89.84288787841797,161674,0.0,0.0,-0.0022137746998096564,2.1091584133588976,90.21412620544433,90.99768549909327,89.4305669117954,90.31627268291763,91.48727498777566,90.90177383534665,88.8712162123419,93.18148040771484
2019-07-05 00:00:00+05:30,91.58693651185024,95.67296799948052,89.693407499513,94.0285873413086,329929,0.0,0.0,0.04658910195045185,2.2074222097085285,90.41095352172852,92.25382383714995,88.56808320630708,91.86099695041631,91.48727498777566,91.67413596909599,88.8712162123419,91.68659210205078
2019-07-08 00:00:00+05:30,96.6695581317912,96.6695581317912,90.3411916716795,92.4340362548828,145603,0.0,0.0,-0.016958152105782776,2.1699884081146084,90.46576614379883,92.47521184904761,88.45632043855005,93.08182866949592,91.48727498777566,92.28455182863578,88.8712162123419,91.03880310058594
2019-07-09 00:00:00+05:30,92.5835193010838,92.6831771106296,91.08862934768656,92.28453826904295,162027,0.0,0.0,-0.0016173478071174197,2.166478782121274,90.56542472839355,92.72421818828052,88.40663126850659,93.08182866949592,91.48727498777566,92.28455182863578,88.8712162123419,90.93914794921876
2019-07-10 00:00:00+05:30,94.82585928619086,96.47023984326776,89.69340198524337,90.24153137207033,157028,0.0,0.0,-0.02213812774374535,2.1185169980885594,90.53303565979004,92.69084653135543,88.37522478822466,93.08182866949592,91.48727498777566,92.28455182863578,88.8712162123419,90.34119415283205
2019-07-11 00:00:00+05:30,91.38760781800111,91.38760781800111,89.64356944282243,90.092041015625,158146,0.0,0.0,-0.0016565582849982219,2.1150075512034663,90.52306938171387,92.68715313566375,88.35898562776399,93.08182866949592,89.19510921490644,91.13846894220117,89.96746528939791,91.5869369506836
2019-07-12 00:00:00+05:30,91.58693446825202,92.08523116546404,85.7568646315521,89.39442443847656,177713,0.0,0.0,-0.0077433763214160845,2.098630251811861,90.4906795501709,92.70197415061038,88.27938494973141,91.21321138167166,89.19510921490644,90.20416029828905,89.96746528939791,90.88931274414062
2019-07-15 00:00:00+05:30,91.4872683507378,91.4872683507378,89.54390684584946,89.84288787841797,193570,0.0,0.0,0.005016682447013698,2.1091584133588976,90.44583206176758,92.67158682403227,88.22007729950288,91.21321138167166,89.19510921490644,90.20416029828905,89.96746528939791,90.34119415283205
2019-07-16 00:00:00+05:30,90.39101462941514,91.1384596487435,89.69340231940357,89.94255065917969,124498,0.0,0.0,0.001109300726136464,2.1114981043183736,90.44084854125977,92.6706825725197,88.21101450999984,91.21321138167166,89.19510921490644,90.20416029828905,89.96746528939791,94.37738800048828
2019-07-17 00:00:00+05:30,90.59033878653062,93.67977671055976,89.74323594333933,91.33778381347656,124383,0.0,0.0,0.015512492630811003,2.144252703101584,90.50064468383789,92.75946881880225,88.24182054887353,91.21321138167166,89.19510921490644,90.20416029828905,89.96746528939791,93.23130798339844
2019-07-18 00:00:00+05:30,91.58693712842474,93.6797817968218,89.84289863752646,91.43744659423828,146748,0.0,0.0,0.001091145160312168,2.1465923940610594,90.5803726196289,92.85337656232375,88.30736867693406,91.21321138167166,89.19510921490644,90.20416029828905,89.96746528939791,93.62994384765624
2019-07-19 00:00:00+05:30,94.6763707581446,94.6763707581446,84.81009481108872,86.45447540283203,120482,0.0,0.0,-0.05449595736764856,2.0296117864685894,90.41593437194824,93.30684905461827,87.52501968927821,90.64016732717823,89.19510921490644,89.91763827104234,89.96746528939791,92.58352661132812
2019-07-22 00:00:00+05:30,91.13845616316348,91.13845616316348,83.86332948197949,86.205322265625,150090,0.0,0.0,-0.002881899821219336,2.0237626486240208,90.22658081054688,93.65598265574226,86.79717896535149,90.16678466262363,89.19510921490644,89.68094693876503,89.96746528939791,92.1350555419922
2019-07-23 00:00:00+05:30,86.25515827185467,91.68658903761252,85.85651940753209,89.94255065917969,184017,0.0,0.0,0.04335264105897241,2.111498104318373,90.19169998168945,93.61771852259223,86.76568144078668,89.26985012006205,89.19510921490644,89.23247966748424,89.96746528939791,93.43063354492188
2019-07-24 00:00:00+05:30,92.48387283302844,93.67978190104166,88.69681477864583,93.43063354492188,141282,0.0,0.0,0.03878123157702773,2.193384601276399,90.36859588623047,94.07185084332033,86.6653409291406,89.26985012006205,89.19510921490644,89.23247966748424,89.96746528939791,93.53028106689452
2019-07-25 00:00:00+05:30,94.67637371377596,94.67637371377596,90.59034226365176,92.63335418701172,197124,0.0,0.0,-0.008533382763874942,2.1746676109253182,90.50313606262208,94.32952551018381,86.67674661506034,89.26985159787773,89.19510921490644,89.23248040639209,89.96746528939791,93.08182525634766
2019-07-26 00:00:00+05:30,94.57671011731462,94.57671011731462,91.18829121804,93.13164520263672,202204,0.0,0.0,0.005379174920288721,2.186365528397972,90.65013313293457,94.6415246619303,86.65874160393884,89.26985159787773,89.19510921490644,89.23248040639209,89.96746528939791,93.03199768066406
2019-07-29 00:00:00+05:30,93.6299377064198,94.4770480960677,90.93913883166614,92.28453826904295,126633,0.0,0.0,-0.009095801236525092,2.1664787821212736,90.75975799560547,94.80447542300952,86.71504056820142,89.26985159787773,90.26644380688535,89.76814770238154,89.96746528939791,93.33097839355467
2019-07-30 00:00:00+05:30,94.62653238887005,94.62653238887005,90.6899918288685,91.08863067626952,130176,0.0,0.0,-0.012958916143535726,2.138403565257015,90.8046043395996,94.8429494027837,86.76625927641551,89.26985159787773,90.26644380688535,89.76814770238154,89.96746528939791,99.16104888916016
2019-07-31 00:00:00+05:30,93.08181863625823,93.08181863625823,88.79646427158858,92.18488311767578,172943,0.0,0.0,0.012035008466669828,2.1641392702700397,90.9117374420166,94.97738686547598,86.84608801855723,89.26985159787773,90.26644380688535,89.76814770238154,89.96746528939791,97.56649017333984
2019-08-01 00:00:00+05:30,91.686598392875,94.47706312445484,89.5937536458925,90.73983764648438,178054,0.0,0.0,-0.0156755144913161,2.1302152737776954,90.95658493041992,94.99345963233287,86.91971022850697,89.26985159787773,90.26644380688535,89.76814770238154,89.96746528939791,96.96853637695312
2019-08-02 00:00:00+05:30,91.93573649898993,91.93573649898993,89.74323417126985,90.68999481201172,163944,0.0,0.0,-0.0005492938467317465,2.1290451596355955,90.78965530395507,94.5698593389796,87.00945126893055,90.26644656065403,90.26644380688535,90.26644518376969,89.96746528939791,97.4668426513672
2019-08-05 00:00:00+05:30,92.68318732667365,92.68318732667365,87.75005297806727,90.19170379638672,202776,0.0,0.0,-0.00549444309328595,2.117347242162942,90.67753868103027,94.38761759425446,86.96745976780608,91.21321334592162,90.26644380688535,90.73982857640348,89.96746528939791,96.3207550048828
2019-08-06 00:00:00+05:30,90.6900049320829,92.33438566307083,88.79647583589693,90.73983764648438,161929,0.0,0.0,0.006077430927960981,2.130215273777696,90.60030364990234,94.23612602188035,86.96448127792434,91.21321334592162,90.26644380688535,90.73982857640348,89.96746528939791,95.7228012084961
2019-08-07 00:00:00+05:30,91.88591059339322,94.47705957687992,90.09204699336908,91.43744659423828,326401,0.0,0.0,0.007688011857280852,2.1465923940610594,90.66009941101075,94.30981396803158,87.01038485398992,91.18829268346866,90.26644380688535,90.727368245177,89.96746528939791,95.42382049560548
2019-08-08 00:00:00+05:30,94.1780737810594,94.1780737810594,90.68999697435348,93.18148040771484,181375,0.0,0.0,0.019073518327954453,2.1875354634318307,90.81457138061523,94.61510716084234,87.01403560038813,91.18829268346866,90.26644380688535,90.727368245177,89.96746528939791,94.54570770263672
2019-08-09 00:00:00+05:30,94.07841596440576,94.42722212439551,92.68318372104258,93.18148040771484,234687,0.0,0.0,0.0,2.1875354634318307,91.00392417907715,94.88000759775173,87.12784076040256,91.18829268346866,90.26644380688535,90.727368245177,89.96746528939791,97.73880767822266
2019-08-13 00:00:00+05:30,94.67637227929158,94.67637227929158,90.59034089107666,91.68659210205078,176587,0.0,0.0,-0.016042761921394533,2.1524413527973865,91.09610939025879,94.94465886748225,87.24755991303533,91.21321262867943,90.26644380688535,90.73982821778239,89.96746528939791,96.34182739257812
2019-08-14 00:00:00+05:30,89.74323627776086,93.13164766315263,89.6934035677505,91.03880310058594,169834,0.0,0.0,-0.0070652533441730725,2.1372338093313985,91.1509220123291,94.96284996782285,87.33899405683536,91.21321262867943,90.16678466262363,90.68999864565153,89.96746528939791,94.04679107666016
2019-08-16 00:00:00+05:30,91.48727736178122,91.5869351813187,89.44425784594392,90.93914794921876,204350,0.0,0.0,-0.0010946447885201716,2.1348942974801646,91.13099021911621,94.94297082813489,87.31900961009754,91.21321262867943,90.16678466262363,90.68999864565153,89.96746528939791,92.00120544433594
2019-08-19 00:00:00+05:30,91.98557480029778,92.43403879351376,89.89272255621175,90.34119415283205,336764,0.0,0.0,-0.006575317779759948,2.120856689048035,91.0761775970459,94.90059644049742,87.25175875359437,91.21321262867943,89.26985159787773,90.24153211327858,89.96746528939791,93.04894256591795
2019-08-20 00:00:00+05:30,91.48727912922084,93.67978161501912,89.89272357219913,91.5869369506836,160720,0.0,0.0,0.013789310729545035,2.1501018409461525,91.33280067443847,94.50987899019478,88.15572235868217,91.73642405759426,89.26985159787773,90.503137827736,89.96746528939791,94.14657592773438
2019-08-21 00:00:00+05:30,93.08182273083332,93.08182273083332,89.84289426259997,90.88931274414062,170940,0.0,0.0,-0.007617071055871394,2.133724362446306,91.56700019836425,93.71083404728556,89.42316634944295,92.06031506261775,89.26985159787773,90.66508333024774,89.96746528939791,90.6042251586914
2019-08-22 00:00:00+05:30,91.836084268091,91.836084268091,89.09545239011622,90.34119415283205,178194,0.0,0.0,-0.006030616524206445,2.1208566890480354,91.58693237304688,93.67611452904536,89.49775021704839,91.8859123347039,89.26985159787773,90.57788196629082,89.96746528939791,90.85369110107422
2019-08-23 00:00:00+05:30,86.70362218205845,97.91529746422118,86.70362218205845,94.37738800048828,241808,0.0,0.0,0.0446772248862255,2.21561068029609,91.6342700958252,93.92396622196219,89.34457396968821,92.30945982313982,90.88931347310034,91.59938664812009,89.96746528939791,91.20293426513672
2019-08-26 00:00:00+05:30,94.776023064971,97.66614520918893,92.68317861688335,93.23130798339844,172413,0.0,0.0,-0.012143586947796381,2.1887052193574483,91.66416778564454,94.02064073745233,89.30769483383675,92.30945982313982,90.88931347310034,91.59938664812009,89.96746528939791,90.75389862060548
2019-08-27 00:00:00+05:30,93.67977655739944,94.37738887338016,92.73301589951072,93.62994384765624,137776,0.0,0.0,0.004275772515481391,2.1980636249788676,91.6890827178955,94.11732434631632,89.26084108947468,92.30945982313982,90.88931347310034,91.59938664812009,89.96746528939791,86.61285400390625
2019-08-28 00:00:00+05:30,92.88250006357194,93.67977780969696,91.33778488513536,92.58352661132812,135035,0.0,0.0,-0.011176095950999554,2.173497854999702,91.70403213500977,94.15056468557982,89.25749958443971,92.30945982313982,90.88931347310034,91.59938664812009,89.96746528939791,89.55650329589844
2019-08-29 00:00:00+05:30,92.83267547459548,93.6797783324528,91.28795268413488,92.1350555419922,155724,0.0,0.0,-0.00484396183371405,2.162969514344424,91.7563533782959,94.19262955495834,89.32007720163345,92.30945982313982,91.88590843587664,92.09768412950822,89.96746528939791,89.05756378173828
2019-08-30 00:00:00+05:30,92.6831884765625,94.27773643504828,91.98557612078886,93.43063354492188,148707,0.0,0.0,0.014061727051753792,2.1933846012764,91.8186408996582,94.35820848831538,89.27907331100103,92.30945982313982,92.30945982313982,92.30945982313982,89.96746528939791,88.75820922851562
2019-09-03 00:00:00+05:30,92.68317827005326,96.42040320029734,92.33437213057786,93.53028106689452,149935,0.0,0.0,0.0010665401506104732,2.1957239340193917,91.95816307067871,94.55195004537353,89.36437609598389,92.30945982313982,92.30945982313982,92.30945982313982,89.96746528939791,90.00550842285156
2019-09-04 00:00:00+05:30,92.73301908637022,94.67637317867607,90.78965739066012,93.08182525634766,137727,0.0,0.0,-0.004794765988419436,2.185195951580597,92.0777545928955,94.64680354084332,89.50870564494768,92.30945982313982,92.30945982313982,92.30945982313982,89.96746528939791,89.25713348388672
2019-09-05 00:00:00+05:30,93.6797849483281,93.9787660267591,91.58694020952512,93.03199768066406,117527,0.0,0.0,-0.0005353093962905398,2.18402619565498,92.21976928710937,94.66585604445899,89.77368252975975,92.30945982313982,92.30945982313982,92.30945982313982,89.96746528939791,92.2007827758789
2019-09-06 00:00:00+05:30,93.3808035041616,93.72961729543314,91.98557875269393,93.33097839355467,151209,0.0,0.0,0.0032137406520804657,2.191045089425165,92.3493263244629,94.7414573968312,89.95719525209459,94.22790129992453,92.30945982313982,93.26868056153216,89.96746528939791,90.95347595214844
2019-09-09 00:00:00+05:30,94.67637833638406,104.3433318198951,92.0852368710166,99.16104888916016,320769,0.0,0.0,0.06246661715064694,2.3279122641860917,92.73550643920899,96.5213482414312,88.94966463698678,97.56649460527761,95.52347700097678,96.54498580312719,91.48727498777566,94.2962417602539
2019-09-11 00:00:00+05:30,99.06138019355424,99.06138019355424,96.42040630382805,97.56649017333984,242845,0.0,0.0,-0.01608049464666994,2.29047828348393,92.95475692749024,97.29258767721973,88.61692617776075,97.56649460527761,95.52347700097678,96.54498580312719,91.48727498777566,91.9513168334961
2019-09-12 00:00:00+05:30,97.51665815956214,98.61290932818405,94.77602643630544,96.96853637695312,206127,0.0,0.0,-0.006128679993759878,2.2764406750518003,93.14410972595215,97.82585649693979,88.4623629549645,97.56649460527761,95.52347700097678,96.54498580312719,91.48727498777566,91.90142822265624
2019-09-13 00:00:00+05:30,97.81564883890204,98.16445502643688,96.0217775838591,97.4668426513672,204446,0.0,0.0,0.005138844959740041,2.2881389507409375,93.43312225341796,98.4260748862522,88.44016962058373,97.56649460527761,95.52347700097678,96.54498580312719,91.48727498777566,93.34829711914062
2019-09-16 00:00:00+05:30,97.2675157070285,99.21087742679686,95.0750132371099,96.3207550048828,204914,0.0,0.0,-0.011758743951354678,2.2612333106940534,93.69721984863281,98.71462638866672,88.67981330859891,97.56649460527761,95.52347700097678,96.54498580312719,91.48727498777566,93.34829711914062
2019-09-17 00:00:00+05:30,97.6661553397102,99.16104547246086,92.33438205358036,95.7228012084961,173559,0.0,0.0,-0.006207943411120409,2.247195702261924,93.93640251159668,98.85926365675529,89.01354136643808,97.56649460527761,95.52347700097678,96.54498580312719,91.48727498777566,93.94700622558594
2019-09-18 00:00:00+05:30,94.77603324832258,97.46684005932748,93.72961471354658,95.42382049560548,204281,0.0,0.0,-0.0031234012076118978,2.2401768084917393,94.19053382873535,98.86036515913715,89.52070249833356,97.96513601471011,95.52347700097678,96.74430650784345,91.48727498777566,93.99688720703124
2019-09-19 00:00:00+05:30,96.89063929984933,96.89063929984933,93.44808095638236,94.54570770263672,152292,0.12,0.0,-0.009202238900183235,2.219562166321348,94.33847236633301,98.85220073377378,89.82474399889223,98.16445528629451,95.52347700097678,96.84396614363564,91.48727498777566,93.2485122680664
2019-09-20 00:00:00+05:30,96.09237132147685,99.78439073343604,93.34830057630734,97.73880767822266,215766,0.0,0.0,0.0337730823870801,2.2945236222277647,94.6809471130371,99.13424200153774,90.22765222453647,98.21428434545585,95.52347700097678,96.86888067321632,91.48727498777566,92.3504638671875
2019-09-23 00:00:00+05:30,100.7822295089325,100.8321247469365,95.69322736324855,96.34182739257812,166217,0.0,0.0,-0.014292994961056738,2.2617280076572377,94.98097877502441,99.00809130815598,90.95386624189284,96.58325340025843,95.52347700097678,96.0533652006176,91.48727498777566,92.4502410888672
2019-09-24 00:00:00+05:30,95.34399124013694,97.19000100128078,92.79948615521904,94.04679107666016,152276,0.0,0.0,-0.02382180593861949,2.2078495619728864,94.96444892883301,99.00416680365285,90.92473105401317,96.58325340025843,95.52347700097678,96.0533652006176,91.48727498777566,91.65196228027344
2019-09-25 00:00:00+05:30,95.294093392067,95.34398863273816,91.45239586167736,92.00120544433594,145666,0.0,0.0,-0.02175072226182395,2.1598272393545246,94.90294380187989,99.0829053905039,90.72298221325588,96.14226030430693,95.52347700097678,95.83286865264185,91.48727498777566,91.00335693359376
2019-09-26 00:00:00+05:30,93.29840353794457,94.29624742605093,91.90142057200671,93.04894256591795,155358,0.0,0.0,0.011388297756771637,2.18442399505948,94.87389373779297,99.09716290524888,90.65062457033706,96.14226030430693,95.52347700097678,95.83286865264185,91.48727498777566,92.3504638671875
2019-09-27 00:00:00+05:30,93.84722730806013,97.98827364397675,91.75174890561404,94.14657592773438,155147,0.0,0.0,0.011796301296372436,2.210192118664227,94.95204620361328,99.0578492197841,90.84624318744245,96.14226030430693,95.52347700097678,95.83286865264185,89.19510921490644,93.44808197021484
2019-09-30 00:00:00+05:30,94.64548820722132,94.74527107022,89.35692033884678,90.6042251586914,146226,0.0,0.0,-0.037625911873439,2.1270316247839975,94.87550468444825,99.24031443143252,90.51069493746397,95.09452254289164,95.52347700097678,95.30899977193421,89.19510921490644,91.7018585205078
2019-10-01 00:00:00+05:30,90.60423012343584,93.59776185509637,89.8059519498151,90.85369110107422,171321,0.0,0.0,0.002753358819038265,2.1328881060664697,94.74665756225586,99.41920943994093,90.0741056845708,95.09452254289164,95.52347700097678,95.30899977193421,89.19510921490644,91.45240020751952
2019-10-03 00:00:00+05:30,91.85153432473506,93.34830017937206,90.05541225399273,91.20293426513672,149271,0.0,0.0,0.003844017340737027,2.141086964932041,94.63029022216797,99.53109822971912,89.72948221461682,95.09452254289164,96.85012607937094,95.97232431113129,89.81797888112143,90.15519714355467
2019-10-04 00:00:00+05:30,91.30271580449892,91.85153298839238,90.45455002180016,90.75389862060548,182702,0.0,0.0,-0.004923478045408491,2.130545370266888,94.51389389038086,99.66331300270372,89.364474778058,95.09452254289164,96.85012607937094,95.97232431113129,89.81797888112143,92.2007827758789
2019-10-07 00:00:00+05:30,90.8037953599571,91.55217828874795,84.6171661937973,86.61285400390625,167300,0.0,0.0,-0.045629385399857836,2.0333298944550973,94.19293670654297,100.37985097151127,88.00602244157466,91.30271991888702,94.48024900684621,92.89148446286661,89.81797888112143,91.90142822265624
2019-10-09 00:00:00+05:30,85.81458811640407,97.63903856101707,85.81458811640407,89.55650329589844,204824,0.0,0.0,0.03398628674514548,2.1024352272955245,94.00421295166015,100.51036617210438,87.49805973121592,91.30271991888702,94.48024900684621,92.89148446286661,89.81797888112143,90.6042251586914
2019-10-10 00:00:00+05:30,89.45670284508566,91.25281721073222,86.6128493897703,89.05756378173828,168383,0.0,0.0,-0.005571225938909685,2.090722085622338,93.49903869628906,99.89190011455712,87.10617727802101,91.30271991888702,94.48024900684621,92.89148446286661,89.81797888112143,90.6042251586914
2019-10-11 00:00:00+05:30,90.654114104899,90.70400934359772,86.91219959083097,88.75820922851562,229912,0.0,0.0,-0.0033613602316397984,2.083694415548316,93.05862464904786,99.48385400775531,86.6333952903404,91.30271991888702,94.48024900684621,92.89148446286661,89.81797888112143,91.15304565429688
2019-10-14 00:00:00+05:30,89.80594270645929,90.80378651430884,88.1594989009187,90.00550842285156,242735,0.0,0.0,0.01405277557059148,2.112976105527711,92.71047325134278,99.00230817179123,86.41863833089432,91.12810237740719,94.48024900684621,92.8041756921267,89.81797888112143,91.1330795288086
2019-10-15 00:00:00+05:30,89.80595067206055,91.20293364954824,87.8102628793481,89.25713348388672,187981,0.0,0.0,-0.008314768196730049,2.095407199005019,92.29998779296875,98.36157951638182,86.23839606955568,91.12810237740719,94.48024900684621,92.8041756921267,89.81797888112143,91.5822525024414
2019-10-16 00:00:00+05:30,90.7040168464424,92.79948762506449,87.41112875650396,92.2007827758789,208046,0.0,0.0,0.03297942894977224,2.164512531845446,92.09398918151855,97.86500071225501,86.3229776507821,91.12810237740719,94.48024900684621,92.8041756921267,89.81797888112143,91.1330795288086
2019-10-17 00:00:00+05:30,89.80595390740919,92.30056373817057,88.8580052168979,90.95347595214844,244089,0.0,0.0,-0.01352815872249602,2.135230662757809,91.85552291870117,97.39403665993511,86.31700917746723,91.12810237740719,94.48024900684621,92.8041756921267,90.88931347310034,88.88719177246094
2019-10-18 00:00:00+05:30,91.00335408217846,106.32026293464918,88.60853498497185,94.2962417602539,259156,0.0,0.0,0.03675248002466813,2.213705685038874,91.7991439819336,97.21138178388824,86.38690617997895,95.46871456422323,95.46871456422323,95.46871456422323,94.1033306509373,88.58773803710938
2019-10-22 00:00:00+05:30,94.79517042361562,94.79517042361562,90.90357769416244,91.9513168334961,212640,0.0,0.0,-0.024867639292769805,2.1586560505629735,91.66942443847657,96.93285635631746,86.40599252063568,96.06742552552663,95.46871456422323,95.76807004487493,94.1033306509373,88.43801879882812
2019-10-23 00:00:00+05:30,92.0511063409216,95.49366499629826,90.25498414762792,91.90142822265624,120509,0.0,0.0,-0.0005425546099594447,2.1574848617714237,91.37755546569824,95.84096012155224,86.91415080984423,96.46655616220974,95.46871456422323,95.96763536321649,94.1033306509373,89.23655700683594
2019-10-24 00:00:00+05:30,90.85368744319292,94.79516768601243,90.80379220449612,93.34829711914062,89683,0.0,0.0,0.015743704145477988,2.1914516651335005,91.22787895202637,95.18185156146718,87.27390634258556,96.61623126274007,95.46871456422323,96.04247291348165,94.1033306509373,89.7855453491211
2019-10-25 00:00:00+05:30,97.63902119400392,97.63902119400392,90.3048702693066,93.34829711914062,80383,0.0,0.0,0.0,2.1914516651335005,91.1929542541504,95.05707054219812,87.32883796610267,96.86569584557657,95.46871456422323,96.1672052048999,94.1033306509373,90.08499908447266
2019-10-27 00:00:00+05:30,92.69970133043196,95.79301594782484,91.80164028333212,93.94700622558594,27136,0.0,0.0,0.006413712139613947,2.2055070052815444,91.2902442932129,95.32690153163146,87.25358705479432,96.86569584557657,95.46871456422323,96.1672052048999,94.1033306509373,90.33454132080078
2019-10-29 00:00:00+05:30,93.94699958251964,94.79516532866089,91.30271186918392,93.99688720703124,69580,0.0,0.0,0.0005309480679513978,2.2066780149648517,91.33764152526855,95.47785460695272,87.19742844358439,96.86569584557657,95.46871456422323,96.1672052048999,94.1033306509373,89.98517608642578
2019-10-30 00:00:00+05:30,92.55002456183436,94.54571242300598,92.05110259654144,93.2485122680664,67818,0.0,0.0,-0.00796169917112799,2.18910910844216,91.29273834228516,95.32711478718888,87.25836189738145,97.46439895981052,95.46871456422323,96.46655676201688,94.1033306509373,89.63582611083984
2019-10-31 00:00:00+05:30,94.2962565929755,94.2962565929755,92.00121238204235,92.3504638671875,74118,0.0,0.0,-0.009630699504322826,2.168026456436577,91.38005027770996,95.42674327094201,87.3333572844779,97.46439895981052,95.46871456422323,96.46655676201688,94.1033306509373,90.03508758544922
2019-11-01 00:00:00+05:30,92.00120675526291,94.69538991805364,90.80379709154144,92.4502410888672,147826,0.0,0.0,0.0010804192800071277,2.1703688340196767,91.4598777770996,95.52503550042667,87.39472005377255,93.94700267081592,95.46871456422323,94.70785861751958,94.1033306509373,88.93710327148438
2019-11-04 00:00:00+05:30,91.80164039045556,93.24851102534456,90.803796473168,91.65196228027344,160246,0.0,0.0,-0.008634686066707253,2.1516283804889516,91.48232917785644,95.54651181568467,87.41814654002822,93.94700267081592,95.46871456422323,94.70785861751958,94.1033306509373,87.7892074584961
2019-11-05 00:00:00+05:30,92.79947892572098,93.1487227539278,89.90573021082464,91.00335693359376,122831,0.0,0.0,-0.007076829895864334,2.1364016724411172,91.49480209350585,95.55140813936137,87.43819604765034,93.77237570241428,95.46871456422323,94.62054513331876,94.1033306509373,88.28828430175781
2019-11-06 00:00:00+05:30,91.80164663019836,94.14657847261978,91.0033683969315,92.3504638671875,144951,0.0,0.0,0.01480282682952816,2.168026456436577,91.78168258666992,95.16582434391711,88.39754082942272,93.77237570241428,95.46871456422323,94.62054513331876,94.1033306509373,88.38811492919922
2019-11-07 00:00:00+05:30,91.50228181384288,94.7951697012756,91.3526113204598,93.44808197021484,136949,0.0,0.0,0.011885355601525482,2.193794221824841,91.97626152038575,95.27165912801712,88.68086391275438,92.84937307932475,95.46871456422323,94.15904382177399,94.1033306509373,88.98700714111328
2019-11-08 00:00:00+05:30,92.64980720708198,93.04894630093504,90.9534755743877,91.7018585205078,136401,0.0,0.0,-0.018686562772509685,2.1527997483887424,92.10847625732421,95.12207381786538,89.09487869678304,92.35044995605011,95.46871456422323,93.90958226013667,94.1033306509373,88.88719177246094
2019-11-11 00:00:00+05:30,90.80380011269692,92.74959278421947,90.40466100719492,91.45240020751952,126961,0.0,0.0,-0.0027203190536481126,2.146943446214512,92.24318580627441,94.85584449803163,89.6305271145172,92.35044995605011,95.46871456422323,93.90958226013667,94.1033306509373,89.28646087646484
2019-11-13 00:00:00+05:30,91.8016411431679,92.15088499449313,89.85584853368093,90.15519714355467,151344,0.0,0.0,-0.014184461654601632,2.116490209227084,92.25067024230957,94.83810923570047,89.66323124891866,92.32550911747826,95.46871456422323,93.89711184085076,94.1033306509373,89.38628387451172
2019-11-14 00:00:00+05:30,91.8016436721068,92.79948762506449,88.50875558216836,92.2007827758789,130892,0.0,0.0,0.02268960300832168,2.164512531845446,92.39785270690918,94.58780054277354,90.20790487104482,91.65196264172198,95.46871456422323,93.5603386029726,94.1033306509373,90.23473358154295
2019-11-15 00:00:00+05:30,92.50013308277236,92.79948931930308,84.96641566816604,91.90142822265624,166753,0.0,0.0,-0.003246768023112523,2.157484861771424,92.38288497924805,94.58218947396979,90.1835804845263,89.88079268472082,95.64333930140761,92.76206599306421,94.1033306509373,89.23655700683594
2019-11-18 00:00:00+05:30,91.80163474056448,92.25066143053074,89.80594702881307,90.6042251586914,149777,0.0,0.0,-0.01411515673969721,2.1270316247839967,92.3654224395752,94.61536563789399,90.11547924125641,89.88079268472082,95.64333930140761,92.76206599306421,94.1033306509373,93.02960205078124
2019-11-19 00:00:00+05:30,91.10314708662924,92.15087856753206,89.85584226678462,90.6042251586914,151737,0.0,0.0,0.0,2.1270316247839967,92.18082160949707,94.37121464863903,89.99042857035512,89.88079268472082,95.64333930140761,92.76206599306421,94.48024900684621,93.87805938720705
2019-11-20 00:00:00+05:30,91.25282852927415,92.5001334988539,90.20509692259444,91.15304565429688,156747,0.0,0.0,0.006057338878448837,2.1399157761404908,92.1409080505371,94.37570271633187,89.90611338474234,89.88079268472082,95.64333930140761,92.76206599306421,94.48024900684621,93.22924041748048
2019-11-21 00:00:00+05:30,91.43252647043698,92.23106687900416,90.83362497173448,91.1330795288086,146454,0.03,0.0,-0.00021903958715763228,2.139447049872333,92.10249061584473,94.37891562920605,89.82606560248341,89.00768098455055,95.64333930140761,92.32551014297908,94.48024900684621,94.0776824951172
2019-11-22 00:00:00+05:30,94.32722464829116,94.32722464829116,90.83362373539148,91.5822525024414,135632,0.0,0.0,0.004928758865114569,2.1499918684858343,92.01418838500976,94.22586138876915,89.80251538125037,89.64682015822859,95.64333930140761,92.6450797298181,94.48024900684621,92.73015594482422
2019-11-25 00:00:00+05:30,91.68206939618352,92.18115524767656,90.68389769319742,91.1330795288086,155424,0.0,0.0,-0.00490458534660787,2.1394470498723326,91.90342750549317,94.05725957787185,89.7495954331145,89.64682015822859,95.64333930140761,92.6450797298181,94.48024900684621,92.6303482055664
2019-11-26 00:00:00+05:30,91.08316643765632,92.08133812464436,87.68938117880796,88.88719177246094,142243,0.0,0.0,-0.024644045476787557,2.0867224194801,91.65043678283692,93.96889335488802,89.33198021078582,89.64682015822859,95.64333930140761,92.6450797298181,94.48024900684621,92.73015594482422
2019-11-27 00:00:00+05:30,90.93344000007328,90.93344000007328,87.83910926496479,88.58773803710938,105404,0.0,0.0,-0.003368918843989599,2.079692420998938,91.37997932434082,93.80129927792457,88.95865937075708,89.64682015822859,91.30271843108497,90.47476929465678,95.46871456422323,89.9352798461914
2019-11-28 00:00:00+05:30,89.58591787688584,89.68573353248948,87.09048840956312,88.43801879882812,118279,0.0,0.0,-0.0016900672892058433,2.0761776008665986,91.1394546508789,93.72264988645647,88.55625941530134,90.70885652892714,91.30271843108497,91.00578748000606,95.46871456422323,89.53599548339844
2019-11-29 00:00:00+05:30,89.53600396603717,90.83363030224776,88.03874632369244,89.23655700683594,105447,0.0,0.0,0.009029354330339023,2.0949241440775364,90.98375930786133,93.6314912347189,88.33602738100377,90.70885652892714,91.30271843108497,91.00578748000606,95.46871456422323,89.98517608642578
2019-12-02 00:00:00+05:30,89.83545698251203,90.83362872676216,87.98884077873849,89.7855453491211,86131,0.0,0.0,0.006152056519203253,2.107812235815345,90.85052452087402,93.45708651302033,88.2439625287277,90.70885652892714,91.30271843108497,91.00578748000606,95.46871456422323,89.38628387451172
2019-12-03 00:00:00+05:30,91.33271375323268,91.58225668698466,86.84094094569663,90.08499908447266,77826,0.0,0.0,0.00333521096505196,2.114842234296507,90.77217636108398,93.37178498873634,88.17256773343162,90.5840827969939,90.37971580799544,90.48189930249467,95.46871456422323,90.43435668945312
2019-12-04 00:00:00+05:30,91.5323443473844,91.5323443473844,86.99066755742938,90.33454132080078,69496,0.0,0.0,0.002770075360650548,2.120700506661395,90.73873558044434,93.34284026753308,88.1346308933556,90.5840827969939,89.88079268472082,90.23243774085736,95.46871456422323,90.28462982177734
2019-12-05 00:00:00+05:30,88.88718879066104,90.73380482655335,88.88718879066104,89.98517608642578,101568,0.0,0.0,-0.003867460101826592,2.1124987820639585,90.62047119140625,93.13331727454981,88.1076251082627,89.5110480966866,89.88079268472082,89.6959203907037,95.46871456422323,90.73381042480467
2019-12-06 00:00:00+05:30,89.43618719176226,91.48244232349252,88.83728566542166,89.63582611083984,85754,0.0,0.0,-0.003882305850581469,2.104297415683005,90.4298583984375,92.60860051075711,88.25111628611789,89.4611395351705,89.88079268472082,89.67096610994565,95.46871456422323,90.33454132080078
2019-12-09 00:00:00+05:30,89.88536791733212,91.2828022560649,88.83728454783655,90.03508758544922,119376,0.0,0.0,0.004454262228984929,2.1136705081802325,90.34651985168458,92.44966093729491,88.24337876607424,89.21159881634065,89.88079268472082,89.54619575053073,95.46871456422323,90.68389892578124
2019-12-10 00:00:00+05:30,89.63582808044012,89.78554775373055,87.88902748122011,88.93710327148438,90989,0.0,0.0,-0.012195071315089123,2.087894145596374,90.22075500488282,92.3452810707587,88.09622893900693,89.21159881634065,89.88079268472082,89.54619575053073,95.46871456422323,91.78189086914062
2019-12-11 00:00:00+05:30,89.83546271086666,90.78372288219164,85.84277547927259,87.7892074584961,120405,0.0,0.0,-0.012906827080754857,2.060946056896241,90.10245552062989,92.47976070133366,87.72515033992612,88.71251608312863,89.88079268472082,89.29665438392473,95.46871456422323,91.8817138671875
2019-12-12 00:00:00+05:30,88.8372817859391,92.63033731286536,86.14222122737543,88.28828430175781,75374,0.0,0.0,0.005684945310591383,2.072662422517775,89.90683059692383,92.20292325919652,87.61073793465113,89.23655639606898,89.88079268472082,89.55867454039489,95.46871456422323,92.73015594482422
2019-12-13 00:00:00+05:30,93.42887789250344,93.42887789250344,85.99250111340244,88.38811492919922,95986,0.0,0.0,0.0011307347088114206,2.0750060538585653,89.73116493225098,91.9241563651085,87.53817349939345,89.63582668588802,89.88079268472082,89.75830968530443,95.46871456422323,92.8798828125
2019-12-16 00:00:00+05:30,89.33636570738264,89.98517882499465,87.93892382685961,88.98700714111328,75746,0.0,0.0,0.006775709747784298,2.089065692604406,89.65030403137207,91.82760099628472,87.47300706645943,89.63582668588802,89.64682015822859,89.6413234220583,95.46871456422323,92.33088684082033
2019-12-17 00:00:00+05:30,89.83545182892131,90.78371188538168,88.18846702230196,88.88719177246094,80543,0.0,0.0,-0.0011216847476852587,2.086722419480099,89.56445236206055,91.71957994992418,87.40932477419692,89.63582668588802,89.64682015822859,89.6413234220583,95.46871456422323,93.3290557861328
2019-12-18 00:00:00+05:30,90.83363015048118,90.83363015048118,88.33820075074269,89.28646087646484,89526,0.0,0.0,0.004491863181210309,2.096095691085568,89.47112312316895,91.49960186772847,87.44264437860943,89.63582668588802,89.64682015822859,89.6413234220583,95.46871456422323,92.03143310546876
2019-12-19 00:00:00+05:30,90.13491269216944,90.43435964996486,88.73747070945247,89.38628387451172,74840,0.0,0.0,0.0011180082295454419,2.0984391433181164,89.3837833404541,91.26177880549207,87.50578787541613,89.63582668588802,89.64682015822859,89.6413234220583,95.46871456422323,92.6303482055664
2019-12-20 00:00:00+05:30,90.08500628623275,90.8336351473372,87.83911970291949,90.23473358154295,70632,0.0,0.0,0.009491945187276807,2.118357412645328,89.31640739440918,90.95277017996482,87.68004460885355,89.63582668588802,89.64682015822859,89.6413234220583,95.46871456422323,91.38262176513672
2019-12-23 00:00:00+05:30,94.62668604236625,94.62668604236625,88.23838524527277,89.23655700683594,67080,0.0,0.0,-0.011061999466147832,2.0949241440775355,89.22158126831054,90.62704388539466,87.81611865122643,90.23473076081942,90.23473076081942,90.23473076081942,95.46871456422323,91.5822525024414
2019-12-24 00:00:00+05:30,90.83362729424168,95.7246702870208,88.43801362273294,93.02960205078124,124929,0.0,0.0,0.042505506388539116,2.183969955667128,89.42870178222657,91.59923097922479,87.25817258522835,90.85858570021162,90.7837228831467,90.82115429167916,95.46871456422323,91.23290252685548
2019-12-26 00:00:00+05:30,91.28280665490657,95.5749483748376,90.8835440334262,93.87805938720705,148578,0.0,0.0,0.009120294161450548,2.203888404102582,89.69321784973144,92.57210076011378,86.8143349393491,90.85858570021162,90.7837228831467,90.82115429167916,95.46871456422323,91.4824447631836
2019-12-27 00:00:00+05:30,93.22924041748048,94.67658636912724,90.83362676006004,93.22924041748048,71404,0.0,0.0,-0.006911295077484114,2.188656681023984,89.93277893066406,93.13674652021098,86.72881134111714,91.78189499497014,90.7837228831467,91.28280893905841,95.46871456422323,86.2420425415039
2019-12-30 00:00:00+05:30,93.22923807527953,94.47695269723069,89.9352684271502,94.0776824951172,73785,0.0,0.0,0.009100600560911998,2.2085747712429544,90.17483520507812,93.8360006141852,86.51366979597105,91.78189499497014,90.7837228831467,91.28280893905841,95.46871456422323,86.14221954345703
2019-12-31 00:00:00+05:30,93.82814333307957,94.12759790053376,91.83179985790768,92.73015594482422,77829,0.0,0.0,-0.01432355171337174,2.176940136294208,90.32206573486329,94.1438537769866,86.50027769273997,91.78189499497014,90.7837228831467,91.28280893905841,95.46871456422323,87.48975372314453
2020-01-01 00:00:00+05:30,93.62852002840464,94.87623480695244,91.33272178969804,92.6303482055664,70202,0.0,0.0,-0.0010763245056678583,2.1745970422781427,90.44933319091797,94.39983985038272,86.49882653145322,91.78189499497014,90.7837228831467,91.28280893905841,95.46871456422323,87.7892074584961
2020-01-02 00:00:00+05:30,93.87805496613728,94.07768626747604,90.9334437709911,92.73015594482422,66854,0.0,0.0,0.001077484228347192,2.176940136294208,90.56911392211914,94.64313418263838,86.49509366159991,91.78189499497014,90.7837228831467,91.28280893905841,95.46871456422323,87.4398422241211
2020-01-03 00:00:00+05:30,93.77823984665068,94.12760607751244,88.83729236255255,89.9352798461914,62139,0.0,0.0,-0.03013988351638064,2.1113274141641667,90.56661911010742,94.6421437879274,86.49109443228745,91.98152776614678,90.7837228831467,91.38262532464674,95.46871456422323,88.2383804321289
2020-01-06 00:00:00+05:30,87.88901832521076,95.12576291093464,87.88901832521076,89.53599548339844,1863294,0.0,0.0,-0.0044396855547215175,2.1019537843422147,90.56162757873535,94.64199413789134,86.48126101957936,91.80684430611578,90.7837228831467,91.29528359463123,95.46871456422323,88.73747253417969
2020-01-07 00:00:00+05:30,92.78005214696825,92.78005214696825,88.23837569279473,89.98517608642578,77863,0.0,0.0,0.00501676002597895,2.112498782063958,90.55913200378419,94.64085921163266,86.47740479593571,91.73198335002418,90.7837228831467,91.25785311658544,95.46871456422323,86.2420425415039
2020-01-08 00:00:00+05:30,88.78737472802862,90.3345439973664,88.63765505685399,89.38628387451172,66807,0.0,0.0,-0.006655454131009986,2.098439143318117,90.58159103393555,94.6318537056044,86.5313283622667,91.50739061807269,90.7837228831467,91.1455567506097,95.46871456422323,90.08499908447266
2020-01-09 00:00:00+05:30,90.08499810907222,92.73015470129204,89.33636931592203,90.43435668945312,65805,0.0,0.0,0.011725208494099304,2.123043779785701,90.7138484954834,94.5559473008075,86.8717496901593,91.50739061807269,90.7837228831467,91.1455567506097,95.46871456422323,90.08499908447266
2020-01-10 00:00:00+05:30,90.3345414543946,91.03325861836072,89.33636972561678,90.28462982177734,67316,0.0,0.0,-0.0016556414305012312,2.11952878054512,90.81366577148438,94.49729554119433,87.13003600177443,91.50739061807269,90.7837228831467,91.1455567506097,95.46871456422323,90.23473358154295
2020-01-13 00:00:00+05:30,90.33454021567935,91.08316900199716,89.53599979742873,90.73381042480467,72491,0.0,0.0,0.004975161374799031,2.130073778266863,90.93095054626465,94.44168432809853,87.42021676443078,91.50739061807269,90.7837228831467,91.1455567506097,95.46871456422323,88.8372802734375
2020-01-14 00:00:00+05:30,91.08317011627705,91.33271304810243,88.83728372984828,90.33454132080078,81554,0.0,0.0,-0.004400444576663998,2.1207005066613944,90.99832725524902,94.40637023963416,87.59028427086389,91.50739061807269,90.7837228831467,91.1455567506097,95.46871456422323,87.48975372314453
2020-01-15 00:00:00+05:30,90.58408327721509,91.83179792290674,89.23655298295724,90.68389892578124,69459,0.0,0.0,0.003867375644713844,2.128902052150589,91.08816261291504,94.35939703764105,87.81692818818904,91.50739061807269,90.7837228831467,91.1455567506097,95.46871456422323,89.73564147949219
2020-01-16 00:00:00+05:30,91.2828049859687,92.73015861643503,90.18481756607969,91.78189086914062,98089,0.0,0.0,0.012107904009045933,2.154678593842689,91.21293411254882,94.38767718566595,88.0381910394317,91.50739061807269,90.7837228831467,91.1455567506097,95.46871456422323,85.74295043945312
2020-01-17 00:00:00+05:30,93.77823412529136,93.77823412529136,91.4325320043896,91.8817138671875,110478,0.0,0.0,0.0010876110428930108,2.1570220460752374,91.33770561218262,94.40883520604078,88.26657601832446,91.00830490904305,90.85858570021162,90.93344530462733,95.46871456422323,87.14039611816406
2020-01-20 00:00:00+05:30,89.88536801579345,93.62851203174075,89.88536801579345,92.73015594482422,101620,0.0,0.0,0.009234068912374882,2.176940136294208,91.46247673034668,94.54710631663005,88.37784714406331,91.20794459107267,90.85858570021162,91.03326514564215,95.46871456422323,86.69121551513672
2020-01-21 00:00:00+05:30,92.78005954683177,93.12942574577868,91.03325901388106,92.8798828125,106778,0.0,0.0,0.001614651308953663,2.1804551355347894,91.64464302062989,94.60862060361673,88.68066543764304,91.30775892756982,91.78189499497014,91.54482696126999,95.46871456422323,85.39360046386719
2020-01-22 00:00:00+05:30,92.73015706376174,93.22924293857696,90.88354085003456,92.33088684082033,101748,0.0,0.0,-0.005910816799671759,2.16756686468874,91.60970726013184,94.52305977676372,88.69635474349997,91.30775892756982,91.78189499497014,91.54482696126999,95.46871456422323,85.09414672851562
2020-01-23 00:00:00+05:30,92.2809724343348,93.8281416459517,91.38262397901748,93.3290557861328,98984,0.0,0.0,0.010810780438330836,2.190999954148291,91.58225708007812,94.4180867832564,88.74642737689985,91.3327126879,91.78189499497014,91.55730384143507,95.46871456422323,86.39176940917969
2020-01-24 00:00:00+05:30,93.1294281323898,93.37897107206346,90.93344569399386,92.03143310546876,102630,0.0,0.0,-0.013903737370252522,2.160536866207578,91.52236671447754,94.26458648928505,88.78014693967003,91.3327126879,91.78189499497014,91.55730384143507,95.46871456422323,87.48975372314453
2020-01-27 00:00:00+05:30,91.48244908621312,92.8299795239554,90.5341812852488,92.6303482055664,104760,0.0,0.0,0.006507723284187916,2.1745970422781435,91.45,93.98507010360206,88.91492989639795,91.53234731445447,91.78189499497014,91.65712115471231,95.46871456422323,85.493408203125
2020-01-28 00:00:00+05:30,91.6321646890006,92.3807934605923,90.53416973164292,91.38262176513672,91601,0.0,0.0,-0.013469953040236016,2.145305322237221,91.38262329101562,93.8479413450645,88.91730523696674,91.85675483087257,91.80684430611578,91.83179956849418,95.46871456422323,88.28828430175781
2020-01-29 00:00:00+05:30,91.73197977894051,92.33088126949131,90.33453789069152,91.5822525024414,101839,0.0,0.0,0.0021845590928410985,2.149991868485835,91.33021850585938,93.7302129474837,88.93022406423506,91.85675483087257,91.80684430611578,91.83179956849418,95.64333930140761,84.69487762451172
2020-01-30 00:00:00+05:30,91.63217276330914,92.23107431026648,90.13491508819264,91.23290252685548,101024,0.0,0.0,-0.0038146034416068897,2.141790502104882,91.25535583496094,93.56684217299448,88.94386949692739,91.85675483087257,91.73198335002418,91.79436909044838,95.64333930140761,82.5488052368164
2020-01-31 00:00:00+05:30,91.68207607213894,92.13125794045791,90.78371995094729,91.4824447631836,90539,0.0,0.0,0.002735221936566834,2.14764877446977,91.33271408081055,93.56360205054251,89.10182611107858,91.98152836707217,91.50739061807269,91.74445949257243,95.64333930140761,83.14771270751953
2020-02-03 00:00:00+05:30,89.68573210543572,89.98518668292816,85.84277230999608,86.2420425415039,95500,0.0,0.0,-0.057283145801856006,2.0246246965906405,91.16801643371582,94.24278339870459,88.09324946872705,89.83545697797389,90.48426761046537,90.15986229421964,95.64333930140761,80.60237121582031
2020-02-04 00:00:00+05:30,88.53782549737481,88.53782549737481,85.49340642450196,86.14221954345703,92604,0.0,0.0,-0.0011574748823792724,2.022281244358092,90.97586860656739,94.73472965935302,87.21700755378176,89.66077403522684,90.3095846677183,89.98517935147257,95.64333930140761,80.00346374511719
2020-02-05 00:00:00+05:30,88.83728403656505,90.83362749806088,81.25118040597003,87.48975372314453,121626,0.0,0.0,0.015643132796313575,2.05391605841508,90.88104209899902,94.8859134092577,86.87617078874034,87.31507573901675,88.18847165845233,87.75177369873454,95.64333930140761,78.5062026977539
2020-02-06 00:00:00+05:30,88.83729090296815,88.83729090296815,84.84460367137407,87.7892074584961,101809,0.0,0.0,0.003422729206658426,2.060946056896242,90.74878463745117,94.97498104822635,86.52258822667598,87.04057996496272,88.18847165845233,87.61452581170752,95.64333930140761,84.69487762451172
2020-02-07 00:00:00+05:30,88.33819830625697,88.33819830625697,86.09231190864027,87.4398422241211,110650,0.0,0.0,-0.003979592076169158,2.0527443322988055,90.60654525756836,95.07299296174753,86.14009755338918,86.81598693328117,88.18847165845233,87.50222929586675,95.64333930140761,84.39542388916016
2020-02-10 00:00:00+05:30,88.33819607975133,89.83545364042507,86.9407541667,88.2383804321289,98409,0.0,0.0,0.009132429653304186,2.071490875509743,90.48177375793458,95.06618722889405,85.8973602869751,86.79103083773067,88.18847165845233,87.4897512480915,91.30271843108497,82.79833984375
2020-02-11 00:00:00+05:30,89.63582865693128,89.73564431158228,86.79103299897686,88.73747253417969,101695,0.0,0.0,0.005656179313429988,2.0832075993477606,90.40192031860352,95.04970015785962,85.75414047934741,86.74112735811826,87.53966102596087,87.14039419203957,91.30271843108497,84.69487762451172
2020-02-12 00:00:00+05:30,87.83911585208901,88.68756033438925,84.14588334539559,86.2420425415039,105972,0.0,0.0,-0.028121490520417902,2.02462469659064,90.17982749938965,95.16832674310425,85.19132825567505,86.69121917321397,87.53966102596087,87.11544009958742,91.30271843108497,80.55245971679688
2020-02-13 00:00:00+05:30,87.73929703029303,90.23472636781304,85.49341062652502,90.08499908447266,102686,0.0,0.0,0.04456012902430184,2.114842234296507,90.09498291015625,95.02842920172417,85.16153661858833,86.04240395201546,87.53966102596087,86.79103248898817,91.30271843108497,80.30290985107422
2020-02-14 00:00:00+05:30,89.78554451779186,90.23472636781304,87.88902431363343,90.08499908447266,103918,0.0,0.0,0.0,2.114842234296507,90.00514717102051,94.8693846271155,85.14090971492553,86.04240395201546,87.53966102596087,86.79103248898817,90.37971580799544,81.40090942382812
2020-02-17 00:00:00+05:30,89.83546333253129,93.9778778870651,85.04423557528432,90.23473358154295,114715,0.0,0.0,0.0016621468456683441,2.118357412645329,89.88037605285645,94.58219671156712,85.17855539414577,87.61452914651757,87.61452914651757,87.61452914651757,90.34554297759342,81.60053253173828
2020-02-18 00:00:00+05:30,89.83545196190309,90.78371201976717,87.88902021557344,88.8372802734375,91341,0.0,0.0,-0.015486866893030804,2.085550693363826,89.67824592590333,94.1885438247377,85.16794802706895,89.06188061623035,87.61452914651757,88.33820488137397,90.34554297759342,83.4970703125
2020-02-19 00:00:00+05:30,88.0886552385041,89.83545576731296,86.8409405750692,87.48975372314453,101276,0.0,0.0,-0.015168480463892409,2.0539160584150795,89.43618927001953,93.86919444142494,85.00318409861411,89.06188061623035,87.61452914651757,88.33820488137397,90.34554297759342,81.89999389648438
2020-02-20 00:00:00+05:30,88.33819951214308,91.5323460528444,86.9906691782674,89.73564147949219,137449,0.0,0.0,0.025670294643354685,2.106640688807312,89.2565185546875,93.31546712891571,85.19756998045929,89.06188061623035,87.61452914651757,88.33820488137397,90.34554297759342,81.00164031982422
2020-02-24 00:00:00+05:30,89.73563723416159,91.33271042895582,84.9943216654453,85.74295043945312,98640,0.0,0.0,-0.04449392654034279,2.0129079727526227,88.94209442138671,93.0669527707276,84.81723607204583,89.06188061623035,87.61452914651757,88.33820488137397,90.34554297759342,80.60237121582031
2020-02-25 00:00:00+05:30,86.29194404515216,87.83911329134865,83.54697175479753,87.14039611816406,93932,0.0,0.0,0.0162980824843173,2.0457145129258847,88.6675968170166,92.49064072683882,84.84455290719438,88.76242482093132,87.61452914651757,88.18847698372444,90.34554297759342,80.40274047851562
2020-02-26 00:00:00+05:30,87.09048574076239,87.34002867984766,84.74478363645,86.69121551513672,95047,0.0,0.0,-0.005154677084761583,2.0351695152041414,88.4330265045166,92.13336699623355,84.73268601279966,88.76242482093132,87.61452914651757,88.18847698372444,90.34554297759342,81.85008239746094
2020-02-27 00:00:00+05:30,87.48975971900286,87.53966373969273,81.89999916682558,85.39360046386719,92664,0.0,0.0,-0.014968241517422931,2.0047066063716694,88.12359390258788,91.75235985161525,84.49482795356052,87.93893852694535,87.61452914651757,87.77673383673147,90.34554297759342,81.85008239746094
2020-02-28 00:00:00+05:30,85.89268722199996,86.8409473944969,83.34734606253437,85.09414672851562,91155,0.0,0.0,-0.003506746802159566,1.9976766078905075,87.8166561126709,91.37865699226397,84.25465523307783,87.93893852694535,87.61452914651757,87.77673383673147,90.34554297759342,81.55062866210938
2020-03-02 00:00:00+05:30,86.04240319865922,88.83728719014566,84.09597130078396,86.39176940917969,78116,0.0,0.0,0.015249258974345148,2.028139695831221,87.5621223449707,90.74321426000468,84.38103042993673,86.71617260983498,87.61452914651757,87.16535087817627,90.34554297759342,82.39907836914062
2020-03-03 00:00:00+05:30,87.83911230581712,88.93709968655065,81.45081170594123,87.48975372314453,83479,0.0,0.0,0.012709362494526921,2.0539160584150795,87.62450790405273,90.74737980114736,84.50163600695811,86.49157887939282,87.61452914651757,87.05305401295519,90.34554297759342,81.35099792480469
2020-03-04 00:00:00+05:30,85.14404962886432,86.79102685258547,82.49889308298364,85.493408203125,82069,0.0,0.0,-0.022818049372236637,2.007049700387735,87.59206733703613,90.7892673133465,84.39486736072575,86.49157887939282,87.61452914651757,87.05305401295519,90.34554297759342,80.70218658447266
2020-03-05 00:00:00+05:30,82.84825155317915,91.83179690231908,82.84825155317915,88.28828430175781,137118,0.0,0.0,0.032691129730053836,2.072662422517776,87.63199386596679,90.84315093574654,84.42083679618705,86.64130430413016,87.61452914651757,87.12791672532387,90.34554297759342,83.29743194580078
2020-03-06 00:00:00+05:30,86.84094856619082,87.83912038879072,83.14771586874987,84.69487762451172,82629,0.0,0.0,-0.04070083256986057,1.9883033362850384,87.47727737426757,90.93472637762089,84.01982837091425,86.64130430413016,87.61452914651757,87.12791672532387,90.7837228831467,81.89999389648438
2020-03-09 00:00:00+05:30,83.39725736352122,87.09048999626742,81.85008801941464,82.5488052368164,77155,0.0,0.0,-0.0253388687472903,1.9379219790171125,87.23272552490235,91.30985422809377,83.15559682171093,86.64130430413016,87.61452914651757,87.12791672532387,90.7837228831467,81.20126342773438
2020-03-11 00:00:00+05:30,87.09048821070829,87.09048821070829,81.85008634129605,83.14771270751953,80770,0.0,0.0,0.007255192476559591,1.951981975979437,86.97819213867187,91.39752605142438,82.55885822591937,86.64130430413016,87.61452914651757,87.12791672532387,90.7837228831467,81.10145568847656
2020-03-12 00:00:00+05:30,85.64314174979937,85.64314174979937,79.0052978912896,80.60237121582031,57006,0.0,0.0,-0.030612285158735708,1.892227347106042,86.57143707275391,91.71486992033296,81.42800422517486,85.41854739680434,86.49158788917735,85.95506764299085,90.78372129850844,81.15137481689453
2020-03-13 00:00:00+05:30,79.853736466154,82.59870865717804,77.85739305450015,80.00346374511719,63241,0.0,0.0,-0.007430395181544869,1.878167350143718,86.25950813293457,92.1554057942689,80.36361047160024,84.84459497840962,85.91763547078263,85.38111522459613,90.60903835576138,83.24752807617188
2020-03-16 00:00:00+05:30,82.19943479901706,82.44897771438471,77.80747796545721,78.5062026977539,76803,0.0,0.0,-0.018714952794211537,1.843017536846149,85.68056831359863,92.20756576273155,79.1535708644657,84.81963743388815,85.89267792626116,85.35615768007466,88.48792534649542,82.29926300048828
2020-03-17 00:00:00+05:30,81.85008945319134,84.84460492099103,71.46910097506311,84.69487762451172,106647,0.0,0.0,0.07883039446684226,1.9883033362850389,85.41106224060059,91.62251535617594,79.19960912502523,81.6504489386911,82.72348943106411,82.1869691848776,88.48792534649542,81.60053253173828
2020-03-18 00:00:00+05:30,83.0478859441951,91.8318003258938,79.6041964781525,84.39542388916016,112010,0.0,0.0,-0.0035356770533298,1.9812733378038767,85.11909675598145,90.92784008820476,79.31035342375813,81.65045065047846,82.72348943106411,82.18697004077129,88.48792534649542,82.7484359741211
2020-03-19 00:00:00+05:30,83.79651154826993,83.84642317967422,79.8537363615945,82.79833984375,95864,0.0,0.0,-0.018923822783420974,1.9437800722737593,84.81714973449706,90.4444534040858,79.18984606490832,81.65045065047846,82.72348943106411,82.18697004077129,88.48792534649542,81.35099792480469
2020-03-20 00:00:00+05:30,82.3491753644913,84.84460492099103,80.85191763059146,84.69487762451172,106031,0.0,0.0,0.022905504921242326,1.9883033362850386,84.67740592956542,90.16797962843235,79.1868322306985,81.65045065047846,82.72348943106411,82.18697004077129,88.48792534649542,80.70218658447266
2020-03-23 00:00:00+05:30,80.95172995246594,83.84642964175879,79.85374251596075,80.55245971679688,110005,0.0,0.0,-0.048909898967915644,1.8910556209897678,84.21824684143067,89.468102183392,78.96839149946933,81.65045065047846,82.72348943106411,82.18697004077129,88.48792534649542,81.25118255615234
2020-03-24 00:00:00+05:30,81.85007902516723,82.79833908964639,79.85373563430949,80.30290985107422,110932,0.0,0.0,-0.0030979794608384514,1.8851971695166383,83.94624481201171,89.41353883022948,78.47895079379394,81.65045065047846,82.72348943106411,82.18697004077129,88.48792534649542,80.95172119140625
2020-03-25 00:00:00+05:30,81.94989931817427,82.59871248007984,79.55428559022474,81.40090942382812,80616,0.0,0.0,0.013673222736140023,1.91097389031698,83.65927047729492,89.02633235272279,78.29220860186706,81.65045065047846,82.72348943106411,82.18697004077129,88.48792534649542,80.85191345214844
2020-03-26 00:00:00+05:30,82.84824709644376,83.79650711944178,79.85373214115062,81.60053253173828,76510,0.0,0.0,0.0024523449347573223,1.9156602574573522,83.404736328125,88.65275124657003,78.15672140967996,81.65045065047846,81.65045065047846,81.65045065047846,88.48792534649542,80.60237121582031
2020-03-27 00:00:00+05:30,80.95172924584334,83.84642890986852,79.8537418189224,83.4970703125,76514,0.0,0.0,0.023241732889721867,1.9601835214686318,83.30990982055664,88.47781515928281,78.14200448183047,81.65045065047846,81.65045065047846,81.65045065047846,88.48792534649542,81.99981689453125
2020-03-30 00:00:00+05:30,83.49706714926951,83.54697116674801,79.90365042664145,81.89999389648438,81834,0.0,0.0,-0.019127334768014426,1.922690435046756,83.15020217895508,88.28463077854607,78.0157735793641,85.69304295805927,81.65045065047846,83.67174680426886,88.48792534649542,81.0515365600586
2020-03-31 00:00:00+05:30,81.20127162681082,82.04971610467321,79.85374126603571,81.00164031982422,85526,0.0,0.0,-0.010968908957375567,1.9016006187115113,82.88069572448731,87.8684261074853,77.89296534148932,82.19944525560788,81.65045065047846,81.92494795304317,88.48792534649542,81.40090942382812
2020-04-01 00:00:00+05:30,80.15319696110572,82.04971725029738,79.95355803588544,80.60237121582031,72271,0.0,0.0,-0.004929148378075343,1.8922273471060425,82.5363265991211,87.13548125215716,77.93717194608503,82.19944525560788,81.65045065047846,81.92494795304317,88.48792534649542,80.85191345214844
2020-04-03 00:00:00+05:30,81.4009122653851,82.59871536344994,79.85374294955885,80.40274047851562,77143,0.0,0.0,-0.002476735290704468,1.8875408008574288,82.28179321289062,86.75869287496802,77.80489355081322,81.70035761599176,81.65045065047846,81.6754041332351,88.48792534649542,81.10145568847656
2020-04-07 00:00:00+05:30,84.79468597411804,84.84459760712414,81.10145359504514,81.85008239746094,87593,0.0,0.0,0.01800115158179283,1.921518708930482,81.95988311767579,85.47651397563942,78.44325225971215,82.19944159867444,81.65045065047846,81.92494612457645,88.48792534649542,81.00164031982422
2020-04-08 00:00:00+05:30,81.80017076445483,82.44898391630439,80.45264044319558,81.85008239746094,93665,0.0,0.0,0.0,1.921518708930482,81.81764335632325,85.10015748318257,78.53512922946392,82.19944159867444,81.65045065047846,81.92494612457645,88.48792534649542,83.29743194580078
2020-04-09 00:00:00+05:30,81.80017159879324,82.04971453547711,80.15319430903656,81.55062866210938,101493,0.0,0.0,-0.0036585636395261023,1.9144887104493198,81.76773452758789,85.03440742194788,78.5010616332279,82.34916487413739,81.65045065047846,81.99980776230792,88.48792534649542,84.5451431274414
2020-04-13 00:00:00+05:30,82.34916673706104,82.84825259607352,80.75209351131024,82.39907836914062,106607,0.0,0.0,0.010403962801398547,1.934406979776532,81.73030281066895,84.94915977790083,78.51144584343706,82.34916943657993,81.65045065047846,81.9998100435292,88.48792534649542,82.89816284179688
2020-04-15 00:00:00+05:30,82.59871261690292,83.29742979829949,80.60236910954575,81.35099792480469,95609,0.0,0.0,-0.012719565134462152,1.9098021642007061,81.76773414611816,84.95006542932742,78.5854028629089,82.34916943657993,81.65045065047846,81.9998100435292,88.48792534649542,82.94807434082031
2020-04-16 00:00:00+05:30,79.85374209777308,82.54880284739441,79.85374209777308,80.70218658447266,92720,0.0,0.0,-0.0079754564403961,1.8945706202303492,81.80267028808593,84.92076521445026,78.68457536172161,82.34916943657993,81.65045065047846,81.9998100435292,88.48792534649542,84.8945083618164
2020-04-17 00:00:00+05:30,80.05337366270992,83.84642947065622,80.05337366270992,83.29743194580078,94716,0.0,0.0,0.03215830290560495,1.9554967961117766,82.04223175048828,84.82522771055737,79.2592357904192,82.34916985244861,81.65045065047846,81.99981025146354,88.48792534649542,85.14404296875
2020-04-20 00:00:00+05:30,83.39725149886657,83.74661008299988,80.45264031158067,81.89999389648438,84148,0.0,0.0,-0.016776484180516804,1.9226904350467562,81.90248756408691,84.40198269652221,79.40299243165161,82.34916985244861,81.65045065047846,81.99981025146354,88.48792534649542,83.99615478515625
2020-04-21 00:00:00+05:30,81.85007653309802,82.84824819813579,80.70217759521547,81.20126342773438,94344,0.0,0.0,-0.008531508190747217,1.9062869858518834,81.74277954101562,83.97598323613921,79.50957584589203,82.34916985244861,81.65045065047846,81.99981025146354,88.41306439040382,84.44532775878906
2020-04-22 00:00:00+05:30,81.80017287592189,82.84825627253606,79.85374098557692,81.10145568847656,88336,0.0,0.0,-0.001229140225713854,1.903943891835818,81.65793533325196,83.85246674241183,79.46340392409208,81.85008522811657,81.65045065047846,81.75026793929752,88.18847165845233,83.44715118408203
2020-04-23 00:00:00+05:30,81.75027640650416,82.29926635721012,80.85192021436626,81.15137481689453,90781,0.0,0.0,0.0006155145797841488,1.9051157970603338,81.48076019287109,83.1766713560385,79.78484902970368,81.85008522811657,81.65045065047846,81.75026793929752,87.06553040111211,80.20309448242188
2020-04-24 00:00:00+05:30,79.90365413220087,84.94441705805377,79.90365413220087,83.24752807617188,208578,0.0,0.0,0.025830163247474003,1.9543252491037437,81.61551361083984,83.42094391881874,79.81008330286095,82.39907902181534,81.65045065047846,82.0247648361469,86.49157798271739,78.5062026977539
2020-04-27 00:00:00+05:30,82.74844488595998,83.79652072116748,81.75027307217385,82.29926300048828,94307,0.0,0.0,-0.011390909707444163,1.9320637066522246,81.71533126831055,83.43738128480067,79.99328125182043,82.39907902181534,81.65045065047846,82.0247648361469,86.46662043819592,77.00894927978516
2020-04-28 00:00:00+05:30,82.29924964179521,82.59870418350266,81.15135833462244,81.60053253173828,101657,0.0,0.0,-0.008490118176949557,1.915660257457352,81.72531242370606,83.44220768389698,80.00841716351513,82.39907902181534,85.69304295805927,84.0460609899373,83.29743194299888,75.8111343383789
2020-04-29 00:00:00+05:30,82.29925413702536,83.34733747480297,80.35282235594778,82.7484359741211,115017,0.0,0.0,0.014067352341559092,1.9426085252657264,81.7827075958252,83.5555325805442,80.0098826111062,82.39907902181534,82.24935132413925,82.32421517297729,83.29743194299888,81.40090942382812
2020-04-30 00:00:00+05:30,82.99798284146358,82.99798284146358,80.90182368182778,81.35099792480469,106357,0.0,0.0,-0.016887788063492115,1.9098021642007057,81.67540397644044,83.26907515248152,80.08173280039935,82.39907902181534,82.24935132413925,82.32421517297729,83.29743194299888,78.75575256347656
2020-05-04 00:00:00+05:30,81.10145681805079,81.55063107117225,79.85374209777308,80.70218658447266,101606,0.0,0.0,-0.0079754564403961,1.8945706202303487,81.61551361083984,83.26068501387286,79.97034220780682,82.39907902181534,82.24935132413925,82.32421517297729,82.72348943106411,80.00346374511719
2020-05-05 00:00:00+05:30,80.10328351232575,82.09962702665162,80.10328351232575,81.25118255615234,88521,0.0,0.0,0.006802739738718699,1.9074588910763985,81.62799072265625,83.25790001376872,79.99808143154378,82.39907902181534,82.24935132413925,82.32421517297729,82.72348943106411,80.00346374511719
2020-05-06 00:00:00+05:30,81.40090301371329,81.75026157632176,80.35281971044236,80.95172119140625,84393,0.0,0.0,-0.0036856246927746694,1.9004287134869948,81.64545822143555,83.2376760901222,80.05324035274889,82.39907957791343,82.24935132413925,82.32421545102633,82.72348943106411,80.1531982421875
2020-05-07 00:00:00+05:30,80.35282756664135,81.85008522316262,80.15319625861702,80.85191345214844,82536,0.0,0.0,-0.0012329291803668818,1.8980856194709297,81.66791687011718,83.20029694893049,80.13553679130388,82.39907957791343,82.39907459960219,82.3990770887578,82.72348943106411,80.75209045410156
2020-05-08 00:00:00+05:30,81.30108841547552,81.75027028563643,80.35282827087968,80.60237121582031,103805,0.0,0.0,-0.003086411015811197,1.8922273471060418,81.60553131103515,83.2040632452388,80.0069993768315,81.82513140947029,82.39907902181534,82.11210521564281,82.72348943106411,80.65227508544922
2020-05-11 00:00:00+05:30,80.80200613602734,82.34917550996906,80.80200613602734,81.99981689453125,105347,0.0,0.0,0.017337525653794428,1.9250338872793042,81.61301803588867,83.21751742808904,80.0085186436883,81.60053978628802,82.39907902181534,81.99980940405169,82.72348943106411,79.25483703613281
2020-05-12 00:00:00+05:30,81.75026129834517,82.24934713335894,80.3528194372175,81.0515365600586,101489,0.0,0.0,-0.011564420146112586,1.902771986611302,81.58806343078614,83.21128727184976,79.96483958972252,81.60053978628802,82.39907902181534,81.99980940405169,82.72348943106411,79.55428314208984
2020-05-13 00:00:00+05:30,81.30108615626872,81.80017203228128,80.35282603802328,81.40090942382812,100793,0.0,0.0,0.004310502657906445,1.91097389031698,81.53815498352051,83.11893833522603,79.957371631815,81.42586246961832,82.39907902181534,81.91247074571683,82.72348943106411,78.90547180175781
2020-05-14 00:00:00+05:30,80.85191345214844,81.55063064567986,80.35282756664135,80.85191345214844,103115,0.0,0.0,-0.006744346906755627,1.89808561947093,81.5132007598877,83.12083635586447,79.90556516391092,81.10145880387107,82.39907902181534,81.75026891284321,82.72348943106411,79.10511016845703
2020-05-15 00:00:00+05:30,81.25118297591375,81.45081428219922,80.35282686673678,81.10145568847656,107399,0.0,0.0,0.003086411015811308,1.903943891835818,81.5331642150879,83.10928910821629,79.9570393219595,81.22622951114741,82.39907902181534,81.81265426648137,82.72348943106411,78.80564880371094
2020-05-18 00:00:00+05:30,81.10145597331753,81.7502691441933,80.35282714894844,81.00164031982422,100999,0.0,0.0,-0.0012307469428878282,1.901600618711511,81.41837463378906,82.78170328591405,80.05504598166407,81.25118588429304,82.39907902181534,81.82513245305418,82.72348943106411,78.55611419677734
2020-05-19 00:00:00+05:30,81.85008591183107,83.84642947065622,80.8519141324185,83.29743194580078,115685,0.0,0.0,0.02834253253282193,1.9554967961117764,81.48824653625488,83.07125809828226,79.9052349742275,81.99981286463662,82.39907902181534,82.19944594322598,82.72348943106411,77.15868377685547
2020-05-20 00:00:00+05:30,82.99798150344914,85.84276943248292,81.85008248213488,84.5451431274414,131148,0.0,0.0,0.014978987376855546,1.984788157936216,81.65544052124024,83.72077758078046,79.59010346170001,83.09779443485021,82.84825520902993,82.97302482194007,82.72348943106411,77.25849151611328
2020-05-21 00:00:00+05:30,83.84642291188393,84.19578148426098,82.3990769911309,82.89816284179688,105905,0.0,0.0,-0.019480483735912713,1.9461235245063075,81.74527587890626,83.86262882651522,79.62792293129729,83.09779443485021,82.84825520902993,82.97302482194007,82.72348943106411,76.95903778076172
2020-05-22 00:00:00+05:30,82.84825868477132,84.7946906317892,80.10328625846866,82.94807434082031,110083,0.0,0.0,0.0006020820885823674,1.9472952506225816,81.83511085510254,83.99653289813064,79.67368881207445,82.9730278454758,82.84825520902993,82.91064152725286,82.72348943106411,75.76123809814453
2020-05-26 00:00:00+05:30,82.64862197780482,86.34185431866773,82.64862197780482,84.8945083618164,108250,0.0,0.0,0.02346569268140586,1.9929898825336523,81.91745986938477,84.39403945585936,79.44088028291019,83.22257028856819,83.09779765212232,83.16018397034526,82.72348943106411,82.84825897216797
2020-05-27 00:00:00+05:30,83.84641680534634,85.84276006261649,82.34915936239372,85.14404296875,108294,0.0,0.0,0.002939349219976517,1.9988479757902986,82.05969886779785,84.91050942523765,79.20888831035805,83.22257028856819,83.09779765212232,83.16018397034526,82.72348943106411,80.85191345214844
2020-05-28 00:00:00+05:30,83.14771031569934,85.7928593765745,83.14771031569934,83.99615478515625,108192,0.0,0.0,-0.013481720430107536,1.9719000661984074,82.17947998046876,85.14337212962633,79.21558783131118,83.22257028856819,83.09779765212232,83.16018397034526,82.72348943106411,86.19213104248047
2020-05-29 00:00:00+05:30,83.84642623732594,85.5932267839369,83.7965146041015,84.44532775878906,106028,0.0,0.0,0.0053475420962030284,1.982444884811909,82.26432456970215,85.38332284222615,79.14532629717816,83.22257028856819,83.09779765212232,83.16018397034526,82.72348943106411,88.28828430175781
2020-06-01 00:00:00+05:30,84.7946814331781,86.1921233126074,82.64861840686928,83.44715118408203,211219,0.0,0.0,-0.011820388424072847,1.9590116162441158,82.36913223266602,85.49929998181624,79.2389644835158,83.22257028856819,83.09779820822041,83.1601842483943,82.72348943106411,87.19029998779297
2020-06-02 00:00:00+05:30,83.84642270644586,83.84642270644586,79.35465006145769,80.20309448242188,142027,0.0,0.0,-0.03887558359546461,1.8828538963923314,82.34417762756348,85.53513716610237,79.15321808902459,82.84825219006271,82.84825219006271,82.84825219006271,82.72348943106411,87.38993835449219
2020-06-03 00:00:00+05:30,81.80016461133972,81.80016461133972,77.8573895947089,78.5062026977539,64863,0.0,0.0,-0.02115743532863157,1.8430175368461486,82.20692863464356,85.79060926438265,78.62324800490447,82.09962195668831,82.09962195668831,82.09962195668831,82.72348943106411,89.23655700683594
2020-06-04 00:00:00+05:30,79.9535527907326,79.9535527907326,76.85922199955401,77.00894927978516,75411,0.0,0.0,-0.019071784986635087,1.807867902656821,82.0097900390625,86.23234933582462,77.78723074230037,81.60053815911087,81.60053815911087,81.60053815911087,82.72348943106411,91.8817138671875
2020-06-05 00:00:00+05:30,78.00711655407174,78.65592965451384,75.46177578135482,75.8111343383789,89061,0.0,0.0,-0.015554230418784232,1.7797479087321726,81.75775108337402,86.7648313867188,76.75067078002924,80.90181505001127,80.90181505001127,80.90181505001127,82.72348943106411,90.73381042480467
2020-06-08 00:00:00+05:30,76.85922490593532,81.85008366606098,71.86836614580965,81.40090942382812,305965,0.0,0.0,0.07373290393597798,1.9109738903169795,81.79767799377441,86.77967051233412,76.8156854752147,79.03024472920852,79.10511023223869,79.0676774807236,82.72348943106411,89.98517608642578
2020-06-09 00:00:00+05:30,81.40090922290325,81.40090922290325,76.16050753770637,78.75575256347656,113017,0.0,0.0,-0.03249542147716178,1.8488759883192778,81.63547477722167,86.79071660279187,76.48023295165147,79.03024472920852,79.10511023223869,79.0676774807236,82.72348943106411,91.68206787109376
2020-06-10 00:00:00+05:30,80.30291068759782,80.85190817198092,79.40456224471018,80.00346374511719,111575,0.0,0.0,0.01584279422172985,1.8781673501437175,81.58307113647462,86.78258973877817,76.38355253417106,79.03024472920852,79.10511023223869,79.0676774807236,82.72348943106411,90.83362579345705
2020-06-11 00:00:00+05:30,80.30291068759782,81.35099402489439,79.20492333427734,80.00346374511719,108458,0.0,0.0,0.0,1.8781673501437175,81.51319885253906,86.75848598696376,76.26791171811436,79.03024472920852,79.10511023223869,79.0676774807236,82.72348943106411,94.02777862548828
2020-06-12 00:00:00+05:30,78.90548349754228,80.45264521163449,78.30657432775543,80.1531982421875,123345,0.0,0.0,0.0018716001790541892,1.8816825284925403,81.47826309204102,86.75023184237345,76.20629434170858,77.85739442612775,79.10511023223869,78.48125232918322,82.72348943106411,91.9316177368164
2020-06-15 00:00:00+05:30,80.35282025891846,81.75026213433658,79.85373441880094,80.75209045410156,90413,0.0,0.0,0.007471844231399016,1.8957421672383816,81.46079483032227,86.74003084097035,76.1815588196742,76.85922490593532,79.10511023223869,77.98216756908701,82.72348943106411,91.3327178955078
2020-06-16 00:00:00+05:30,80.8019947456409,81.25117657255271,79.8537346923475,80.65227508544922,108769,0.0,0.0,-0.0012360716371681013,1.8933988941140747,81.44332656860351,86.73092005460211,76.15573308260491,76.85922490593532,79.10511023223869,77.98216756908701,81.65045065047846,90.63399505615234
2020-06-17 00:00:00+05:30,80.85191028408732,80.85191028408732,78.35648095433154,79.25483703613281,84151,0.0,0.0,-0.01732670340465725,1.860592533049054,81.24119682312012,86.53900256495677,75.94339108128347,76.85922490593532,79.10511023223869,77.98216756908701,81.65045065047846,89.9352798461914
2020-06-18 00:00:00+05:30,78.45629577173993,79.85373770466067,78.40639175494205,79.55428314208984,111717,0.0,0.0,0.0037782691524621548,1.8676223524219746,80.99165382385254,86.10860461743438,75.87470303027071,76.85922490593532,79.10511023223869,77.98216756908701,81.65045065047846,92.08135223388672
2020-06-19 00:00:00+05:30,79.35464599707255,80.7520878270283,77.45811834323585,78.90547180175781,111367,0.0,0.0,-0.008155580249189165,1.8523908084516179,80.79201927185059,85.90739519778141,75.67664334591977,78.95538483602147,79.10511023223869,79.03024753413007,81.65045065047846,94.6266860961914
2020-06-22 00:00:00+05:30,80.7021834247941,83.44715570193299,78.40639299863645,79.10511016845703,116135,0.0,0.0,0.0025300953424471917,1.8570775338084733,80.59987106323243,85.66477389794379,75.53496822852107,80.45263702258441,79.10511023223869,79.77887362741154,81.65045065047846,92.4806137084961
2020-06-23 00:00:00+05:30,79.70400481273921,80.35281790900659,77.85738878139769,78.80564880371094,129346,0.0,0.0,-0.0037856133960041394,1.8500473562190696,80.29542808532715,85.00713379961023,75.58372237104406,80.45263702258441,79.10511023223869,79.77887362741154,81.65045065047846,93.12942504882812
2020-06-24 00:00:00+05:30,78.85556876993022,79.65410922137379,77.85739701334882,78.55611419677734,113948,0.0,0.0,-0.003166455840686422,1.8441892629624232,79.96603164672851,84.16362522898014,75.76843806447688,80.45263702258441,79.10511023223869,79.77887362741154,81.65045065047846,91.38262176513672
2020-06-25 00:00:00+05:30,78.35648689984649,79.00530009790268,76.01078467497861,77.15868377685547,108781,0.0,0.0,-0.01778894531902908,1.8113830810056442,79.62415809631348,83.55566164803307,75.69265454459389,79.7289701884558,79.10511023223869,79.41704021034724,81.65045065047846,95.57494354248048
2020-06-26 00:00:00+05:30,77.85739301622587,79.20492329534062,76.85922131088964,77.25849151611328,104625,0.0,0.0,0.0012935386449366426,1.8137261750217093,79.26481628417969,82.63623462626586,75.89339794209351,79.7289701884558,79.10511023223869,79.41704021034724,81.65045065047846,93.62850952148438
2020-06-29 00:00:00+05:30,80.55245443528428,80.55245443528428,76.55976757127125,76.95903778076172,115859,0.0,0.0,-0.0038759976990893064,1.8066961765405471,78.94041061401367,81.85231333489469,76.02850789313266,79.7289701884558,79.10511023223869,79.41704021034724,81.65045065047846,94.4270477294922
2020-06-30 00:00:00+05:30,77.45812704376571,79.85374079057212,75.5615991769004,75.76123809814453,103900,0.0,0.0,-0.01556411978576755,1.778576540832382,78.7183177947998,81.88073911333602,75.55589647626358,79.50437743941669,79.10511023223869,79.30474383582768,81.65045065047846,92.92979431152344
2020-07-01 00:00:00+05:30,78.90548342870723,83.84643076701337,67.47641180845957,82.84825897216797,671406,0.0,0.0,0.09354415334187904,1.944951977498275,78.9354206085205,82.57545363505034,75.29538758199067,75.66142128773647,76.83426756053348,76.24784442413497,81.65045065047846,93.57860565185548
2020-07-02 00:00:00+05:30,83.84642876519098,85.84277230721933,78.85556991012008,80.85191345214844,136537,0.0,0.0,-0.024096408841737804,1.8980856194709301,79.12756881713867,82.7459644005212,75.50917323375613,76.65959205783946,76.83426756053348,76.74692980918647,81.65045065047846,99.46781158447266
2020-07-03 00:00:00+05:30,80.9018252168725,87.24021444990795,80.75209792789053,86.19213104248047,186600,0.0,0.0,0.06604936559098995,2.023452970474366,79.64661865234375,84.10424015708301,75.18899714760448,77.35831312918376,77.35831312918376,77.35831312918376,81.65045065047846,101.4641571044922
2020-07-06 00:00:00+05:30,87.8391100804791,90.83362519685907,85.34368081682913,88.28828430175781,204533,0.0,0.0,0.024319543256730025,2.072662422517776,79.99098739624023,85.81059005948228,74.17138473299818,79.15501850265932,79.15501850265932,79.15501850265932,81.65045065047846,104.45867156982422
2020-07-07 00:00:00+05:30,89.73564097161018,89.73564097161018,85.44349944235456,87.19029998779297,124989,0.0,0.0,-0.012436353505433151,2.0468860599339176,80.41271476745605,86.99447520043186,73.83095433448024,79.15501850265932,79.15501850265932,79.15501850265932,81.65045065047846,93.22924041748048
2020-07-08 00:00:00+05:30,87.29011508873928,92.2310697411154,86.84094085463506,87.38993835449219,113817,0.0,0.0,0.002289685512346873,2.051572785290773,80.7820384979248,88.03304190708644,73.53103508876316,79.8537407747875,79.8537407747875,79.8537407747875,81.65045065047846,100.01680755615234
2020-07-09 00:00:00+05:30,88.33820089833985,91.73198641074384,86.84094325599511,89.23655700683594,146437,0.0,0.0,0.021130792481544702,2.094924144077537,81.24369316101074,89.37049650125627,73.11688982076521,79.8537407747875,79.8537407747875,79.8537407747875,81.65045065047846,97.42156219482422
2020-07-10 00:00:00+05:30,88.98701423023702,93.27914824359114,87.43984495078789,91.8817138671875,134401,0.0,0.0,0.029642076622800717,2.1570220460752383,81.83011894226074,91.17330508949821,72.48693279502326,80.37778002602536,80.37778002602536,80.37778002602536,81.65045065047846,94.97604370117188
2020-07-13 00:00:00+05:30,92.9297851518252,93.82814121849567,89.88536599006702,90.73381042480467,116307,0.0,0.0,-0.012493274168155932,2.1300737782668637,82.3292049407959,92.43274964570904,72.22566023588277,80.65227651347763,80.65227651347763,80.65227651347763,83.6467880536243,96.27366638183594
2020-07-14 00:00:00+05:30,90.23471899980164,91.7818804934648,89.8354488153112,89.98517608642578,117871,0.0,0.0,-0.008250886134660074,2.1124987820639585,82.79584999084473,93.40167793422648,72.19002204746297,86.34185556430788,80.65227651347763,83.49706603889275,79.10511023223869,95.92430114746094
2020-07-15 00:00:00+05:30,91.33270930394916,94.82631020628604,90.0350830654744,91.68206787109376,94509,0.0,0.0,0.01885745917792292,2.1523351416101413,83.41721153259277,94.56857809903468,72.26584496615087,87.78920406708829,81.1513610073728,84.47028253723055,79.10511023223869,96.72283935546876
2020-07-16 00:00:00+05:30,90.58408286545304,92.82996921748908,89.88536571322014,90.83362579345705,113620,0.0,0.0,-0.009254176932719682,2.1324170513911707,83.98117866516114,95.43415933260022,72.52819799772206,90.0849955115576,81.1513610073728,85.6181782594652,79.10511023223869,96.67292785644533
2020-07-17 00:00:00+05:30,96.82266265553802,96.82266265553802,86.94076051090416,94.02777862548828,511642,0.0,0.0,0.035164872084862964,2.207403224234922,84.73729400634765,96.73969999397231,72.734888018723,91.1330810489463,82.1495372319988,86.64130914047254,79.10511023223869,96.92247772216795
2020-07-20 00:00:00+05:30,91.53234750901532,94.82631736906662,90.03508986634583,91.9316177368164,282249,0.0,0.0,-0.022292995956236128,2.1581935930832703,85.37861938476563,97.48009763619089,73.27714113334036,91.83180175508654,82.1495372319988,86.99066949354267,79.10511023223869,96.0241241455078
2020-07-21 00:00:00+05:30,93.07951851099568,93.82814734620476,89.88537186028213,91.3327178955078,359265,0.0,0.0,-0.006514623108484274,2.144133775229187,86.00497283935547,97.97542884467633,74.03451683403462,91.83180295576656,82.1495372319988,86.99067009388268,79.10511023223869,95.22557830810548
2020-07-22 00:00:00+05:30,90.1349091970666,91.83179807177984,88.83728291726527,90.63399505615234,373870,0.0,0.0,-0.007650301616501265,2.1277305051425563,86.60886688232422,98.22484714293681,74.99288662171163,91.88171158322109,82.1495372319988,87.01562440760995,79.10511023223869,97.07219696044922
2020-07-23 00:00:00+05:30,91.2329062639579,92.33089374759676,84.19579185647592,89.9352798461914,419969,0.0,0.0,-0.0077091957551694845,2.1113274141641667,87.24769668579101,98.08564938579981,76.40974398578221,90.50922725600697,82.1495372319988,86.32938224400289,79.10511023223869,99.51771545410156
2020-07-24 00:00:00+05:30,89.73564993313181,94.77641315552908,88.8372937541021,92.08135223388672,547085,0.0,0.0,0.02386240851605237,2.1617087714320924,87.98883972167968,97.97826788945291,77.99941155390646,90.50922725600697,82.1495372319988,86.32938224400289,79.10511023223869,94.32723236083984
2020-07-27 00:00:00+05:30,93.07951681870998,94.82631740243912,90.63399904766766,94.6266860961914,500969,0.0,0.0,0.02764222940427219,2.221463221197246,88.87222213745117,97.86911308726691,79.87533118763544,90.50922725600697,82.1495372319988,86.32938224400289,79.10511023223869,109.84880065917967
2020-07-28 00:00:00+05:30,94.82631578643988,94.82631578643988,91.08317174223828,92.4806137084961,370608,0.0,0.0,-0.0226793569153817,2.17108186392932,89.70819091796875,96.49013231321658,82.92624952272092,90.50922725600697,82.1495372319988,86.32938224400289,79.10511023223869,104.15921783447266
2020-07-29 00:00:00+05:30,92.78005885249576,93.72832656112575,92.3807962545946,93.12942504882812,334246,0.0,0.0,0.00701564700226931,2.1863134078996773,90.22224922180176,96.36862724228862,84.0758712013149,90.50922725600697,82.1495372319988,86.32938224400289,79.10511023223869,107.50309753417967
2020-07-30 00:00:00+05:30,93.2292378786404,93.32905352509682,90.83362428645788,91.38262176513672,322208,0.0,0.0,-0.0187567278846138,2.1453053222372205,90.74878463745117,95.12785121506361,86.36971805983872,89.51105462945752,82.1495372319988,85.83029593072817,79.10511023223869,99.3180923461914
2020-07-31 00:00:00+05:30,91.58225660597998,96.82265821013686,87.83911260301076,95.57494354248048,412476,0.0,0.0,0.04587657583428162,2.2437245845405243,91.21792526245117,95.55353303450983,86.88231749039252,90.5092250333064,82.1495372319988,86.3293811326526,79.10511023223869,97.57128143310548
2020-08-03 00:00:00+05:30,96.82265594994335,96.82265594994335,90.93344133299166,93.62850952148438,362558,0.0,0.0,-0.020365526244135013,2.198029952629453,91.4849365234375,95.72153277900341,87.24834026787158,90.5092250333064,82.1495372319988,86.3293811326526,79.10511023223869,96.32357788085938
2020-08-04 00:00:00+05:30,93.67841890349392,96.72284584206535,91.3327167717886,94.4270477294922,361693,0.0,0.0,0.00852879333537393,2.2167764958403913,91.84677391052246,95.7761889076511,87.91735891339381,90.5092250333064,82.1495372319988,86.3293811326526,79.10511023223869,98.17019653320312
2020-08-05 00:00:00+05:30,94.22742071522082,96.2736683635786,91.83180683978918,92.92979431152344,422016,0.0,0.0,-0.01585619220308554,2.1816268616510635,92.12376670837402,95.49289570357654,88.7546377131715,92.33088540657381,82.1495372319988,87.24021131928632,79.10511023223869,100.01680755615234
2020-08-06 00:00:00+05:30,94.32723449707032,94.8263203938802,91.8817166488804,93.57860565185548,391165,0.0,0.0,0.006981736537122529,2.1968584056214207,92.340869140625,95.48776132281724,89.19397695843277,92.33088540657381,87.83911628282905,90.08500084470143,76.90913306356364,98.61936950683594
2020-08-07 00:00:00+05:30,92.82996824594748,99.8171701569328,91.3327106935935,99.46781158447266,448874,0.0,0.0,0.06293325158666119,2.335113848362665,92.72017402648926,97.14152987727078,88.29881817570774,93.82814137997178,90.28463404241167,92.05638771119172,76.90913306356364,96.92247772216795
2020-08-10 00:00:00+05:30,101.76360405194302,101.8135156842411,100.0168035377526,101.4641571044922,550863,0.0,0.0,0.020070266835258144,2.38198020639001,93.25669136047364,99.00520956126216,87.50817315968511,94.82631414362592,93.00465377035852,93.91548395699222,77.35831312918376,96.8226547241211
2020-08-11 00:00:00+05:30,101.364340774281,108.80071700997726,101.0648862133963,104.45867156982422,393271,0.0,0.0,0.029513027563498495,2.4522796538769063,93.98036613464356,101.33803756518103,86.6226947041061,98.31991480649401,96.49825443322659,97.4090846198603,79.15501850265932,96.5731201171875
2020-08-12 00:00:00+05:30,104.80803087699236,108.80071776754444,92.82997020533608,93.22924041748048,435505,0.0,0.0,-0.10750118667589559,2.1886566810239843,94.05772476196289,101.34862336788369,86.76682615604209,98.31991518527761,96.49825481201017,97.40908499864389,79.15501850265932,96.8226547241211
2020-08-13 00:00:00+05:30,93.22924414043152,111.49578282488292,93.22924414043152,100.01680755615234,524954,0.0,0.0,0.07280513182642201,2.3480021192087146,94.51688385009766,102.09202895900097,86.94173874119434,101.2146120789373,97.84578734067942,99.53019970980836,79.8537407747875,95.6747589111328
2020-08-14 00:00:00+05:30,101.8135194592948,102.21278968614595,94.87622877760954,97.42156219482422,386109,0.0,0.0,-0.025948092373085152,2.287075943327287,94.68657302856445,102.3627648246118,87.0103812325171,101.41424675923821,97.84578734067942,99.63001704995881,79.8537407747875,96.2237548828125
2020-08-17 00:00:00+05:30,97.97055895639257,98.4197331984972,93.57860172564634,94.97604370117188,363571,0.0,0.0,-0.025102435626743302,2.2296647666864406,94.83879432678222,102.40930218952062,87.26828646404383,101.41424675923821,97.84578734067942,99.63001704995881,80.37778002602536,93.42887115478516
2020-08-18 00:00:00+05:30,95.5250375371391,98.66928020795514,93.12943132646632,96.27366638183594,436103,0.0,0.0,0.013662631439427475,2.2601278546271546,95.08584175109863,102.5018135504699,87.66986995172735,101.41424675923821,97.84578734067942,99.63001704995881,80.65227651347763,95.52503204345705
2020-08-19 00:00:00+05:30,95.8244854981562,98.56945773898882,94.12759661363803,95.92430114746094,422985,0.0,0.0,-0.00362887638442444,2.251926130029718,95.35035705566406,102.4811818105604,88.21953230076772,101.41424675923821,97.84578734067942,99.63001704995881,80.65227651347763,93.72832489013672
2020-08-20 00:00:00+05:30,95.32539745090044,99.81717010565492,93.32905404878734,96.72283935546876,338462,0.0,0.0,0.008324670583528704,2.2706726732406564,95.68973503112792,102.38562631155108,88.99384375070477,102.1628765151095,97.84578734067942,100.00433192789447,81.1513610073728,96.0740203857422
2020-08-21 00:00:00+05:30,96.8226551348977,98.61936724543492,94.42704152599666,96.67292785644533,391329,0.0,0.0,-0.0005160259909244846,2.2695009471243823,95.91931381225587,102.41428751070436,89.42434011380738,102.1628765151095,97.84578734067942,100.00433192789447,81.1513610073728,100.61570739746094
2020-08-24 00:00:00+05:30,97.32174795481544,98.31991972871096,95.42522006132464,96.92247772216795,382328,0.0,0.0,0.002581383136478488,2.2753593985975114,96.03410339355469,102.51461533514453,89.55359145196485,102.1628765151095,97.84578734067942,100.00433192789447,82.1495372319988,103.85977172851562
2020-08-25 00:00:00+05:30,96.72284897500629,97.77092479608424,94.32723513112646,96.0241241455078,356212,0.0,0.0,-0.009268784680013242,2.2542695822622667,96.21127891540527,102.4816067369958,89.94095109381475,102.31260707567462,97.84578734067942,100.07919720817702,82.1495372319988,104.35885620117188
2020-08-26 00:00:00+05:30,96.623020161373,97.7210074691384,93.82813645483792,95.22557830810548,260568,0.0,0.0,-0.008316096028038289,2.235522859943088,96.31608657836914,102.44378434759213,90.18838880914615,97.67111050630614,97.84578734067942,97.75844892349278,82.1495372319988,104.259033203125
2020-08-27 00:00:00+05:30,95.07585357822916,104.80802756655184,95.07585357822916,97.07219696044922,273159,0.0,0.0,0.019392044502674954,2.278874218729851,96.60056533813477,102.29406259584839,90.90706808042115,98.96872944650909,97.84578734067942,98.40725839359425,82.1495372319988,106.30529022216795
2020-08-28 00:00:00+05:30,96.62302361615912,104.80802851082632,95.57494028487255,99.51771545410156,451622,0.0,0.0,0.025192779912550423,2.3362853953706977,96.79770393371582,102.60861233492489,90.98679553250676,98.96872991864632,99.66744771394684,99.31808881629658,82.1495372319988,106.95410919189452
2020-08-31 00:00:00+05:30,99.61754579339348,103.66013689673316,93.77823484060356,94.32723236083984,248367,0.0,0.0,-0.05215637305958465,2.2144332227160843,96.8326400756836,102.57415384982716,91.09112630154004,99.06854127980682,99.66744771394684,99.36799449687683,82.1495372319988,114.04112243652344
2020-09-01 00:00:00+05:30,94.32722739144596,111.79523246393596,92.28097232249024,109.84880065917967,741626,0.0,0.0,0.1645502354925834,2.5788187309966166,97.60372772216797,105.58154843616384,89.6259070081721,102.03810239321311,99.81717253347335,100.92763746334323,82.1495372319988,113.84149169921876
2020-09-02 00:00:00+05:30,108.20181636122722,121.77695027908524,102.91150317997383,104.15921783447266,747980,0.0,0.0,-0.05179467404800986,2.4452496553957443,98.16519889831542,106.32870547049149,90.00169232613936,107.02896130078774,104.808031441048,105.91849637091786,82.1495372319988,114.68993377685548
2020-09-03 00:00:00+05:30,104.15922359817704,113.79158278700868,97.47147572617172,107.50309753417967,512416,0.0,0.0,0.03210354080251476,2.5237508274800766,98.86142349243164,107.6965497493995,90.02629723546379,107.02896130078774,104.808031441048,105.91849637091786,82.1495372319988,119.08189392089844
2020-09-04 00:00:00+05:30,102.51223900360895,106.30529482280788,98.02046598292696,99.3180923461914,184131,0.0,0.0,-0.07613738930067493,2.3315990282303254,98.85393753051758,107.68722960494152,90.02064545609365,107.02896130078774,104.808031441048,105.91849637091786,82.1495372319988,120.27970123291016
2020-09-07 00:00:00+05:30,99.81716770650176,103.80985441476184,96.17383956212534,97.57128143310548,71186,0.0,0.0,-0.017588043344581084,2.2905907634596274,98.65929374694824,107.4245046312706,89.89408286262588,107.02896130078774,106.35519580603845,106.6920785534131,82.1495372319988,119.33143615722656
2020-09-08 00:00:00+05:30,97.62120425600288,103.71005066113374,96.02412329722736,96.32357788085938,184752,0.0,0.0,-0.012787610595250132,2.261299580743429,98.2525390625,106.64674797326767,89.85833015173235,107.02896130078774,106.55483048633937,106.79189589356355,82.1495372319988,116.98573303222656
2020-09-09 00:00:00+05:30,96.77275446838723,100.81535336741776,94.02778197571,98.17019653320312,303929,0.0,0.0,0.019170993156294447,2.304650939530193,98.49958686828613,106.56899558751554,90.43017814905672,107.02896130078774,106.55483048633937,106.79189589356355,82.1495372319988,125.22064208984376
2020-09-10 00:00:00+05:30,98.91882014049344,102.7118758841655,97.92064837799512,100.01680755615234,374926,0.0,0.0,0.01881030178364429,2.348002119208715,98.49958686828613,106.56899558751554,90.43017814905672,107.02896130078774,106.55483048633937,106.79189589356355,82.1495372319988,131.6089630126953
2020-09-11 00:00:00+05:30,100.4659856755708,104.90784680702328,98.07037201173692,98.61936950683594,270325,0.0,0.0,-0.013972032136017165,2.3151957581436946,98.55947723388672,106.6135930556362,90.50536141213725,107.02896130078774,106.55483048633937,106.79189589356355,82.1495372319988,132.55722045898438
2020-09-14 00:00:00+05:30,99.767265754681,102.11297551569255,96.2736645460466,96.92247772216795,342012,0.0,0.0,-0.017206475696950774,2.275359398597512,98.65679893493652,106.5799288357282,90.73366903414484,107.90236612739761,107.02896130078774,107.46566371409267,83.64679098269619,126.26872253417967
2020-09-15 00:00:00+05:30,98.2700006403137,99.717354171952,96.42338452175724,96.8226547241211,244965,0.0,0.0,-0.0010299261883606192,2.2730159463649637,98.68424835205079,106.57758885180213,90.79090785229944,103.90968238135935,107.02896130078774,105.46932184107354,84.64496374635033,132.85665893554688
2020-09-16 00:00:00+05:30,98.02046615803658,104.70822168115612,94.12760229218144,96.5731201171875,720819,0.0,0.0,-0.002577233681978597,2.2671578531083174,98.71668930053711,106.56917677626518,90.86420182480904,100.16653839925894,107.02896130078774,103.59774985002335,88.13856440921842,134.45372009277344
2020-09-17 00:00:00+05:30,96.57311179957438,100.4659829455921,96.07402595048096,96.8226547241211,217061,0.0,0.0,0.0025838929779922193,2.2730159463649637,98.72168006896973,106.56916342600255,90.87419671193692,99.46781439136663,107.02896130078774,103.24838784607718,88.13856478800201,140.09341430664062
2020-09-18 00:00:00+05:30,96.87256955782414,98.22009987183668,94.87622609545122,95.6747589111328,257530,0.0,0.0,-0.011855653165666835,2.2460678576648307,98.6717716217041,106.58387169374787,90.75967154966033,99.46781439136663,107.02896130078774,103.24838784607718,89.48609731667125,135.3520965576172
2020-09-21 00:00:00+05:30,95.87439630552925,98.31991396195798,94.8762245901794,96.2237548828125,157566,0.0,0.0,0.005738148472259397,2.258956128510881,98.63683547973633,106.58600930615813,90.68766165331454,99.46781439136663,107.02896130078774,103.24838784607718,89.48609731667125,131.3594207763672
2020-09-22 00:00:00+05:30,95.57494186865884,97.47146965337151,90.83362621460005,93.42887115478516,163618,0.0,0.0,-0.029045673092170765,2.193343227272598,98.5070728302002,106.7061605306543,90.3079851297461,97.87073651081167,106.30528824684265,102.08801237882716,89.48609731667125,137.2486114501953
2020-09-23 00:00:00+05:30,93.77823150629024,102.76177712600516,93.77823150629024,95.52503204345705,440886,0.0,0.0,0.02243590083839453,2.2425528584242502,98.52204551696778,106.6979184432235,90.34617259071206,97.87073651081167,106.30528824684265,102.08801237882716,89.48609731667125,144.7349090576172
2020-09-24 00:00:00+05:30,93.8281405378325,98.8189990770789,92.87988046155398,93.72832489013672,193700,0.0,0.0,-0.018808757399871423,2.2003732257537605,98.35485191345215,106.77821880049731,89.93148502640699,97.77092394787809,106.30528824684265,102.03810609736037,89.48609731667125,151.52247619628906
2020-09-25 00:00:00+05:30,94.77639420708134,98.56944948667056,94.77639420708134,96.0740203857422,221976,0.0,0.0,0.0250265381180661,2.255440950162059,98.18266716003419,106.64503317770836,89.72030114236001,97.77092394787809,106.30528824684265,102.03810609736037,89.48609731667125,144.4853515625
2020-09-28 00:00:00+05:30,97.37164946946818,105.30711120099534,96.3235661696308,100.61570739746094,575456,0.0,0.0,0.04727279022449182,2.3620619370627987,98.49709091186523,106.82795746932975,90.16622435440071,98.07036870779768,106.30528824684265,102.18782847732017,89.48609731667125,144.23580932617188
2020-09-29 00:00:00+05:30,99.81717316899302,105.50674899344725,97.57128677269068,103.85977172851562,532940,0.0,0.0,0.03224212615471367,2.438219836022825,98.19763946533203,105.18340783573392,91.21187109493015,98.17018760402365,106.30528824684265,102.23773792543315,89.48609731667125,154.61679077148438
2020-09-30 00:00:00+05:30,104.65830314741368,113.3923056831018,103.4605001315548,104.35885620117188,508152,0.0,0.0,0.004805368472798444,2.4499363807526007,98.20762138366699,105.22829732829156,91.18694543904242,102.11296594885093,106.30528824684265,104.20912709784679,89.48609731667125,155.76470947265625
2020-10-01 00:00:00+05:30,105.95592969794365,110.19815951182149,103.01131855198444,104.259033203125,241626,0.0,0.0,-0.0009565359537330176,2.447592928520052,98.04541816711426,104.29979542968586,91.79104090454267,102.11296594885093,106.30528824684265,104.20912709784679,89.48609731667125,162.9515380859375
2020-10-05 00:00:00+05:30,104.25903511068024,110.69724739762844,104.0094921758864,106.30529022216795,226798,0.0,0.0,0.019626664051797693,2.495631012663671,98.39477806091308,105.61216470504061,91.17739141678555,102.11296594885093,106.30528824684265,104.20912709784679,89.48609731667125,156.31369018554688
2020-10-06 00:00:00+05:30,107.30346779651484,109.34972301927812,106.00584141884352,106.95410919189452,180084,0.0,0.0,0.00610335542446272,2.5108627357422693,98.86391944885254,106.98034593624045,90.74749296146463,103.1360930723279,106.30528824684265,104.72069065958527,89.48609731667125,157.21205139160156
2020-10-07 00:00:00+05:30,107.553006061579,119.18170847206864,102.4623316597118,114.04112243652344,712783,0.0,0.0,0.06626218756975089,2.6772379932999213,99.74979667663574,110.1407514666852,89.35884188658628,106.0307944668113,106.30528824684265,106.16804135682698,89.48609731667125,157.56141662597656
2020-10-08 00:00:00+05:30,114.78975182025108,123.07458043258676,112.44404971918732,113.84149169921876,334424,0.0,0.0,-0.00175051536708426,2.672551447051308,100.53336143493652,112.58054454728664,88.48617832258641,108.92548731983405,106.9541033235934,107.93979532171372,89.63582213619776,152.0215606689453
2020-10-09 00:00:00+05:30,114.7897494271812,120.22978233211708,113.7915776930318,114.68993377685548,326568,0.0,0.0,0.007452836966318044,2.6924695372702785,101.26701774597169,114.81045129818867,87.7235841937547,109.69907330110877,106.9541033235934,108.32658831235108,94.62668104377241,153.26927185058594
2020-10-12 00:00:00+05:30,115.63819678232828,121.17805309216722,114.78975231008212,119.08189392089844,320680,0.0,0.0,0.03829420769034608,2.7955755249304364,102.2901439666748,117.84466369584871,86.7356242375009,110.32293360263873,106.9541033235934,108.63851846311607,94.62668104377241,149.17677307128906
2020-10-13 00:00:00+05:30,119.68079967932104,124.57184299528387,116.28701405505424,120.27970123291016,330393,0.0,0.0,0.010058685435481607,2.823695339746843,103.45800514221192,120.66369345843685,86.25231682598698,113.51708732749783,107.70273460494195,110.6099109662199,94.62668104377241,149.12684631347656
2020-10-14 00:00:00+05:30,120.77878215338202,121.2778680300489,115.43856479613576,119.33143615722656,295487,0.0,0.0,-0.007883832982319872,2.801433797295324,104.58344421386718,122.83054414077127,86.3363442869631,113.51708732749783,107.70273460494195,110.6099109662199,94.62668104377241,157.3617706298828
2020-10-15 00:00:00+05:30,119.93034443964548,123.52376143090991,115.8378415436097,116.98573303222656,208244,0.0,0.0,-0.019657042607862274,2.7463658937787843,105.60407485961915,124.22854472771265,86.97960499152565,113.51708732749783,107.70273460494195,110.6099109662199,94.62668104377241,159.95701599121094
2020-10-16 00:00:00+05:30,117.93399293656884,127.36671285998317,117.4349070651618,125.22064208984376,462077,0.0,0.0,0.07039242174384364,2.9396892400365684,107.02397422790527,127.04723828721232,87.00071016859822,114.91452225984747,109.1001695372916,112.00734589856954,94.62668104377241,165.69651794433594
2020-10-19 00:00:00+05:30,127.2669094223973,135.651546774339,125.22065410707415,131.6089630126953,401325,0.0,0.0,0.05101651625670489,3.0896619439405546,108.8206844329834,130.82163490125762,86.81973396470919,119.0569392170254,113.24258649446952,116.14976285574747,94.62668104377241,166.5449676513672
2020-10-20 00:00:00+05:30,132.70694013930722,138.54625136618944,131.30950568664997,132.55722045898438,333318,0.0,0.0,0.007205112969377314,3.111923307283832,110.63735771179199,134.14332219311584,87.13139323046815,125.49515054268838,114.68993879039473,120.09254466654156,100.31626009460265,166.3952178955078
2020-10-21 00:00:00+05:30,132.2577528520064,133.40564423723316,123.87310888395984,126.26872253417967,195628,0.0,0.0,-0.04743987466718558,2.9642940556123936,112.27935028076172,135.3261691157097,89.23253144581375,126.16891452961062,114.68993879039473,120.42942666000268,101.26452410348789,166.5449676513672
2020-10-22 00:00:00+05:30,125.07091665438074,139.14512844063168,121.82685863980248,132.85665893554688,670582,0.0,0.0,0.0521739372122334,3.1189529475485114,114.14593162536622,137.51092585555634,90.7809373951761,126.9674403753569,114.98937732761587,120.97840885148639,102.98637106778058,166.49505615234375
2020-10-23 00:00:00+05:30,134.25408880615436,137.34842705686816,130.910207639444,134.45372009277344,215095,0.0,0.0,0.012020934216036228,3.156445675753904,116.18220138549805,139.16592471618162,93.19847805481447,127.29184661838372,114.98937732761587,121.14061197299979,102.98637106778058,176.37693786621094
2020-10-26 00:00:00+05:30,135.6515377360801,144.43545237674164,133.75501746144644,140.09341430664062,406298,0.0,0.0,0.041945244876644416,3.288843562563227,118.38317108154297,141.6750217040506,95.09132045903533,129.9370085864387,117.63453929567083,123.78577394105477,102.98637106778058,175.52850341796875
2020-10-27 00:00:00+05:30,140.74221796166444,143.43727866368806,133.25592977221422,135.3520965576172,148738,0.0,0.0,-0.03384397312671317,3.1775360294138735,120.11999053955078,143.02640113092292,97.21357994817865,130.13664696017565,117.63453929567083,123.88559312792324,102.98637106778058,176.37693786621094
2020-10-28 00:00:00+05:30,133.90474679411602,137.398348248478,127.91571572949552,131.3594207763672,221620,0.0,0.0,-0.029498440606351317,3.083803671575667,121.49497299194336,143.61153390522472,99.378412078662,130.9351797209517,117.63453929567083,124.28485950831127,102.98637106778058,176.57656860351562
2020-10-29 00:00:00+05:30,129.76232355291194,141.74038418856534,128.91387149886313,137.2486114501953,227885,0.0,0.0,0.04483264800515663,3.2220587561004286,123.13946075439453,144.79617001978502,101.48275148900404,133.13115550827206,118.6576664191478,125.89441096370993,102.98637106778058,176.3270263671875
2020-10-30 00:00:00+05:30,138.34661571570703,150.17494224843182,136.74953476478314,144.7349090576172,278126,0.0,0.0,0.0545455252939917,3.397807643480032,125.16325454711914,146.95017531749212,103.37633377674615,136.00090044411715,121.52741135499289,128.76415589955502,102.98637106778058,176.72630310058594
2020-11-02 00:00:00+05:30,146.6314254343311,154.71662278173346,141.7403899032655,151.52247619628906,375364,0.0,0.0,0.04689654474422489,3.557153081664763,127.42411384582519,150.28412119740966,104.56410649424072,138.27174071076797,124.74650849440741,131.5091246025877,102.98637106778058,181.8169860839844
2020-11-03 00:00:00+05:30,158.70929808937822,158.70929808937822,142.53891982078963,144.4853515625,263397,0.0,0.0,-0.04644277740467262,3.391949012898661,129.30067596435546,151.26593553672978,107.33541639198116,140.26807836459034,127.51643212950451,133.89225524704742,102.98637106778058,182.2661590576172
2020-11-04 00:00:00+05:30,142.58883212864478,148.67767030422522,142.38918560576406,144.23580932617188,195612,0.0,0.0,-0.001727110974431123,3.3860907405337732,130.8104103088379,152.51928008665885,109.10154053101697,143.31250690943688,128.14029243103445,135.72639967023565,102.98637106778058,184.5619506835937
2020-11-05 00:00:00+05:30,147.5297808155501,158.11039173354663,142.23946774110613,154.61679077148438,401801,0.0,0.0,0.07197228964020419,3.6297954440594835,132.84917526245118,155.45088090324117,110.24746962166121,143.31250690943688,130.585814874545,136.94916089199094,102.98637106778058,193.6453094482422
2020-11-06 00:00:00+05:30,155.71479783742726,161.50419721345884,154.01790885589023,155.76470947265625,232014,0.0,0.0,0.007424282288127637,3.6567440700843408,134.9029140472412,157.99580264330555,111.81002545117687,144.70995647147717,131.98326443658533,138.34661045403124,102.98637106778058,194.39393615722656
2020-11-09 00:00:00+05:30,158.6094848837869,166.5449624760547,156.81278791962046,162.9515380859375,313876,0.0,0.0,0.04613900438432017,3.825462600766299,137.09639625549318,162.0420164160872,112.15077609489916,147.2303391027751,134.50364706788326,140.86699308532917,102.98637106778058,193.16574096679688
2020-11-10 00:00:00+05:30,167.64292954291082,167.64292954291082,153.21935190488338,156.31369018554688,199642,0.0,0.0,-0.04073510430377125,3.6696319827139074,138.898095703125,163.93102128035716,113.86517012589283,148.27840052088698,135.0526306013113,141.66551556109914,102.98637106778058,194.0644378662109
2020-11-11 00:00:00+05:30,157.6113140011916,160.65574089971534,154.21753612699965,157.21205139160156,202102,0.0,0.0,0.005747169073855973,3.6907219781573937,140.79212646484376,165.3389455762643,116.24530735342321,152.19623215384698,135.0526306013113,143.62443137757913,104.808031441048,194.2142028808593
2020-11-12 00:00:00+05:30,157.21205042157175,160.10674240046922,156.11405540563564,157.56141662597656,201818,0.0,0.0,0.0022222547907906343,3.69892370275483,142.82091064453124,165.80286017936504,119.83896110969744,154.69165972308815,140.04348963104906,147.3675746770686,104.808031441048,188.8720550537109
2020-11-13 00:00:00+05:30,159.55776043247036,159.70748010270975,151.12319695483225,152.0215606689453,210881,0.0,0.0,-0.03515997809401461,3.5688696263945388,144.16095657348632,165.96444462002066,122.35746852695198,154.9411986420085,140.71725361797132,147.8292261299899,105.45684651779877,186.1260986328125
2020-11-14 00:00:00+05:30,152.720274354115,157.21204712923603,151.67219099374174,153.26927185058594,116826,0.0,0.0,0.008207461995195064,3.598160988218978,145.24397201538085,166.58799921713126,123.89994481363046,154.9411986420085,141.21634092649646,148.07876978425247,105.45684651779877,189.42124938964844
2020-11-17 00:00:00+05:30,155.26562716844086,155.96434438510755,146.73125519750917,149.17677307128906,219682,0.0,0.0,-0.026701365054349835,3.5020851781482225,146.0749496459961,166.65064590764604,125.49925338434616,154.9411986420085,141.54074716952329,148.2409729057659,105.45684651779877,189.0218505859375
2020-11-18 00:00:00+05:30,150.37456094203944,158.40984619616253,146.43178576195908,149.12684631347656,301411,0.0,0.0,-0.00033468184613860696,3.5009130938154653,147.21785583496094,165.67440261201682,128.76130905790507,157.03735765243493,141.54074716952329,149.2890524109791,106.20547779914732,188.572509765625
2020-11-19 00:00:00+05:30,149.62593955092717,158.90893989185238,147.2802450719727,157.3617706298828,331968,0.0,0.0,0.05522093787925875,3.6942367982897326,148.44311141967773,166.15407158694816,130.7321512524073,157.03735765243493,141.74038554326026,149.38887159784758,107.70273460494195,187.6239013671875
2020-11-20 00:00:00+05:30,158.90893265304652,160.70564477120098,157.01241250276163,159.95701599121094,222590,0.0,0.0,0.016492222672253698,3.7551629741711605,149.7182762145996,166.87455445094594,132.56199797825326,157.03735765243493,142.53891830403632,149.78813797823562,107.70273460494195,187.02479553222656
2020-11-23 00:00:00+05:30,160.80548224195064,166.69468973918134,160.70565897010894,165.69651794433594,219671,0.0,0.0,0.03588152678117207,3.889903954996549,150.99843139648436,168.9037471869099,133.09311560605883,156.5632377505702,144.73489409135664,150.64906592096344,109.1001695372916,186.1760406494141
2020-11-24 00:00:00+05:30,166.5449676513672,172.384263428146,164.3489775497827,166.5449676513672,229559,0.0,0.0,0.0051205041455142375,3.909822224323761,152.55807495117188,170.1687094485391,134.94744045380466,159.40802459505255,147.10556103397425,153.2567928145134,113.24258649446952,186.9748687744141
2020-11-25 00:00:00+05:30,169.09027841587155,171.68553090563887,164.64841743571205,166.3952178955078,221242,0.0,0.0,-0.0008991550928927339,3.906306687758455,154.30986480712892,169.9807618103772,138.63896780388063,159.40802459505255,147.10556103397425,153.2567928145134,114.68993879039473,188.572509765625
2020-11-26 00:00:00+05:30,166.39523274577226,170.08846528705757,165.49688423577325,166.5449676513672,235210,0.0,0.0,0.0008999643003768654,3.909822224323761,155.7746826171875,170.2077348847441,141.3416303496309,159.40802459505255,147.10556103397425,153.2567928145134,114.68993879039473,187.5739898681641
2020-11-27 00:00:00+05:30,168.5912077543534,171.23637211310086,165.74642731643473,166.49505615234375,243584,0.0,0.0,-0.00029968782441935904,3.908650498207487,156.86268997192383,171.07961178891912,142.64576815492853,159.40802459505255,150.14998957882077,154.77900708693664,114.98937732761587,185.22743225097656
2020-12-01 00:00:00+05:30,167.6928470474329,181.66725096805231,167.6928470474329,176.37693786621094,311142,0.0,0.0,0.0593524032619035,4.1406382987869375,158.10541305541992,174.4487517406873,141.76207437015253,164.0495183650057,154.7914833487739,159.42050085688982,114.98937732761587,186.6253662109375
2020-12-02 00:00:00+05:30,177.27530393158727,183.56377359590064,173.6818796397867,175.52850341796875,223729,0.0,0.0,-0.004810347988271291,4.120720387676209,159.65757064819337,176.42755975792426,142.88758153846248,165.42200933393667,155.7397446626981,160.58087699831736,117.63453929567083,185.27735900878903
2020-12-03 00:00:00+05:30,175.52850105242254,179.37145299205795,174.7299606393517,176.37693786621094,204134,0.0,0.0,0.004833599282857648,4.1406382987869375,161.2646270751953,177.97455047959645,144.55470367079417,170.28809304933114,155.7397446626981,163.0139188560146,117.63453929567083,184.7281646728516
2020-12-04 00:00:00+05:30,177.1754777191482,180.5692554253556,175.27895757113083,176.57656860351562,246438,0.0,0.0,0.0011318414965120205,4.145324845035551,162.36261596679688,180.04920321505222,144.67602871854155,172.1347162830048,156.2388225473819,164.18676941519334,117.63453929567083,183.67970275878903
2020-12-07 00:00:00+05:30,176.57656929452904,184.26250364136223,174.7798724023831,176.3270263671875,214228,0.0,0.0,-0.0014132239532214097,4.139466572670663,163.39073181152344,181.80722212960214,144.97424149344474,174.30574059557244,160.5060192030727,167.40587989932257,117.63453929567083,182.3816070556641
2020-12-08 00:00:00+05:30,176.32702528076464,181.61733835398817,175.47858847156584,176.72630310058594,197314,0.0,0.0,0.002264410292764696,4.148840023384374,164.07947006225587,183.39699486074196,144.76194526376977,174.45546053853712,163.00144677231387,168.72845365542548,120.50428423151592,184.57839965820312
2020-12-09 00:00:00+05:30,178.57292775528217,184.661781787665,175.67823564664346,181.8169860839844,298233,0.0,0.0,0.028805462990424413,4.268349281131164,165.35463485717773,185.79994280045975,144.9093269138957,175.07933301171914,163.45062476438557,169.26497888805235,122.77512449816675,184.3287506103516
2020-12-10 00:00:00+05:30,182.56559838379985,187.05737104723727,180.3197120520812,182.2661590576172,205974,0.0,0.0,0.0024704676021045646,4.278894099744665,166.60734024047852,187.9634971105644,145.25118337039265,176.401899181836,164.6484193941717,170.52515928800386,124.77146215198914,180.73403930664065
2020-12-11 00:00:00+05:30,183.21442795816188,187.15720332877632,182.6654304488857,184.5619506835937,201565,0.0,0.0,0.012595819420602172,4.332790277144929,167.95736694335938,190.2587089049936,145.65602498172515,177.4250251881046,164.69833553494124,171.06168036152292,124.77146215198914,181.6327209472656
2020-12-14 00:00:00+05:30,185.46030456928847,199.63433963736307,184.8114838269323,193.6453094482422,291522,0.0,0.0,0.04921577134942989,4.5460318927299275,170.0385543823242,193.74314607682842,146.33396268782,186.6581096385749,173.03306269966106,179.84558616911798,124.77146215198914,181.13345336914065
2020-12-15 00:00:00+05:30,192.6471357039524,197.4383628505398,191.05005491145948,194.39393615722656,224429,0.0,0.0,0.003865968719394486,4.563606709824591,172.09478759765625,196.75017972450706,147.43939547080544,187.18215013835737,173.03306269966106,180.10760641900922,126.16891171402943,181.98220825195312
2020-12-16 00:00:00+05:30,194.7134664396161,197.20979293243167,189.02184508327008,193.16574096679688,214236,0.07,0.0,-0.006318073571164873,4.534773506882058,174.29423599243165,198.20863071536024,150.37984126950306,187.2071060198731,173.03306269966106,180.12008435976708,128.68929434532737,180.5343475341797
2020-12-17 00:00:00+05:30,195.7120073436895,198.20833396797124,193.36545422231725,194.0644378662109,198812,0.0,0.0,0.004652465260744698,4.555871383088172,176.54111557006837,198.95640013429104,154.1258310058457,187.2071060198731,173.03306269966106,180.12008435976708,129.23827787875544,180.18484497070312
2020-12-18 00:00:00+05:30,195.71199878996623,198.65766103060287,192.7164069717525,194.2142028808593,214969,0.0,0.0,0.0007717282789938551,4.55938727786996,178.38373718261718,200.23532523835192,156.53214912688244,187.55646405446447,173.03306269966106,180.29476337706276,129.23827787875544,179.2861785888672
2020-12-21 00:00:00+05:30,194.7134651012969,198.6576578855625,180.73403683761404,188.8720550537109,100864,0.0,0.0,-0.02750647351175195,4.4339746124814114,179.8294891357422,200.38743549392805,159.27154277755633,187.65628764200326,173.03306269966106,180.34467517083215,129.23827787875544,177.9381561279297
2020-12-22 00:00:00+05:30,192.4667740675889,192.4667740675889,174.24359053070953,186.1260986328125,103719,0.0,0.0,-0.01453871204036783,4.369510332396243,180.85096817016603,200.4988828842513,161.20305345608077,186.93896508403628,173.03306269966106,179.98601389184867,129.23827787875544,176.59014892578125
2020-12-23 00:00:00+05:30,189.6209524598624,199.70611748752967,186.1760249804761,189.42124938964844,124119,0.0,0.0,0.01770386195724538,4.446867540141743,181.9947822570801,200.8155247640326,163.17403975012758,186.9748540091196,173.0689516247444,180.021902816932,129.23827787875544,178.3874969482422
2020-12-24 00:00:00+05:30,188.32288219487484,192.7164108555844,186.22596178531865,189.0218505859375,90470,0.0,0.0,-0.0021085216415680508,4.437491223696168,183.12611389160156,200.7280066302218,165.5242211529813,186.9748540091196,173.0689516247444,180.021902816932,129.23827787875544,184.0292053222656
2020-12-28 00:00:00+05:30,191.7178750587607,191.7178750587607,187.8735261570457,188.572509765625,82349,0.0,0.0,-0.0023771898271000014,4.4269424647013516,184.22749099731445,200.20654392698398,168.2484380676449,186.9748540091196,173.49318127975118,180.2340176444354,129.23827787875544,179.6855926513672
2020-12-29 00:00:00+05:30,190.9190555300744,191.71788309022403,185.4770665833808,187.6239013671875,70197,0.0,0.0,-0.005030470239890783,4.404672862378963,185.28393325805663,199.05248624737948,171.5153802687338,186.9748540091196,178.35926499514565,182.66705950213264,129.23827787875544,185.47706604003903
2020-12-30 00:00:00+05:30,188.2230292761004,192.41685499784325,185.72670262787628,187.02479553222656,76112,0.0,0.0,-0.003193121082097461,4.390608208602358,185.81632614135742,198.96923503225108,172.66341725046377,186.9748540091196,180.2058882288193,183.59037111896947,129.23827787875544,181.2333221435547
2020-12-31 00:00:00+05:30,186.2758998111092,187.9733989053445,185.7267048945237,186.1760406494141,57505,0.0,0.0,-0.0045381944163988,4.370682774945484,186.34870300292968,198.61571043521928,174.08169557064008,186.9748540091196,182.02754751865618,184.50120076388788,129.23827787875544,178.1877899169922
2021-01-01 00:00:00+05:30,188.7222974545488,189.72082812891145,184.37868292652348,186.9748687744141,81272,0.0,0.0,0.00429071389752167,4.389436124269602,186.87859954833985,198.2504224780987,175.506776618581,186.9748540091196,182.17726746162086,184.57606073537022,131.60894482137303,171.89703369140625
2021-01-04 00:00:00+05:30,189.720813860232,194.81332601102736,186.7252220624388,188.572509765625,104710,0.0,0.0,0.00854468304581868,4.426942464701352,187.4783966064453,197.82175121959676,177.13504199329384,186.9748540091196,182.60150086165146,184.78817743538553,131.60894482137303,183.62977600097656
2021-01-05 00:00:00+05:30,190.07031650874987,190.07031650874987,186.72523271581744,187.5739898681641,50590,0.0,0.0,-0.0052951509141070385,4.4035011362626895,188.04074478149414,197.01655467361437,179.06493488937392,192.04240020702656,182.72627240198221,187.3843363045044,131.60894482137303,176.3904266357422
2021-01-06 00:00:00+05:30,189.7208200953399,190.27001499025795,183.1305118290597,185.22743225097656,81689,0.0,0.0,-0.012510037339594882,4.348413172623094,188.46580123901367,195.91907080182088,181.01253167620646,188.97191892004355,183.6994822674813,186.33570059376243,131.60894482137303,175.64154052734375
2021-01-07 00:00:00+05:30,187.9234590602289,192.41684683644445,184.5284610571911,186.6253662109375,64296,0.0,0.0,0.007547121627571762,4.3812311757238165,188.70622024536132,195.56655618506593,181.8458843056567,188.97191892004355,186.69399856365817,187.83295874185086,136.25043859132617,180.6341857910156
2021-01-08 00:00:00+05:30,191.6180192841368,198.40803052617355,182.73110288847928,185.27735900878903,110125,0.0,0.0,-0.007223065275193341,4.3495852569558515,188.8567802429199,195.25709416746233,182.4564663183775,190.56956670732643,186.9748540091196,188.77221035822302,137.19869990525035,178.93667602539062
2021-01-11 00:00:00+05:30,189.7208177721178,189.7208177721178,180.7340421934385,184.7281646728516,58264,0.0,0.0,-0.002964174030089639,4.336692329295523,188.8650909423828,195.24322975271104,182.48695213205457,189.57103635980604,186.9748540091196,188.27294518446283,137.19869990525035,174.3933563232422
2021-01-12 00:00:00+05:30,187.57398128165715,188.7222853892136,181.93227419037044,183.67970275878903,78358,0.0,0.0,-0.005675701460680638,4.3120785583076175,188.36681060791017,194.73022496070018,182.00339625512015,189.57103635980604,186.9748540091196,188.27294518446283,137.19869990525035,175.59161376953125
2021-01-13 00:00:00+05:30,183.729629453265,188.622423273506,181.7325682635556,182.3816070556641,46714,0.0,0.0,-0.007067170098971842,4.281604365655928,187.76619415283204,194.00578278979737,181.52660551586672,189.57103635980604,186.9748540091196,188.27294518446283,138.5711920514581,174.7928009033203
2021-01-14 00:00:00+05:30,186.67530491445424,190.4697244915732,181.98221383270888,184.57839965820312,80383,0.0,0.0,0.012045033696125751,4.333176434513733,187.33682708740236,193.19743882618658,181.47621534861813,189.57103635980604,186.9748540091196,188.27294518446283,138.5711920514581,175.4917449951172
2021-01-15 00:00:00+05:30,184.778086322732,185.32728118736023,182.43153337221457,184.3287506103516,55599,0.0,0.0,-0.0013525366365394476,4.327315654633464,186.85004272460938,191.95561099173003,181.74447445748874,189.57103635980604,186.9748540091196,188.27294518446283,139.71908799737318,173.2450714111328
2021-01-18 00:00:00+05:30,186.7252229300652,187.02478515851,179.73550870273655,180.73403930664065,39623,0.0,0.0,-0.019501631144398734,4.24292594089142,186.17603454589843,190.73979134973823,181.61227774205864,189.07176961445504,186.9748540091196,188.02331181178732,141.69046860843403,173.2450714111328
2021-01-19 00:00:00+05:30,183.4300791824188,186.42567116221767,180.68411986760304,181.6327209472656,58301,0.0,0.0,0.0049723983598917165,4.264023458881051,185.81406784057617,190.61010514991435,181.018030531238,189.07176961445504,186.9748540091196,188.02331181178732,142.3642450507335,178.1877899169922
2021-01-20 00:00:00+05:30,184.22890447106087,184.22890447106087,180.73404720467207,181.13345336914065,31886,0.0,0.0,-0.002748775526354108,4.2523026155534795,185.56443557739257,190.77595089248422,180.35292026230093,189.07176961445504,186.9748540091196,188.02331181178732,151.04833564853743,175.34197998046875
2021-01-21 00:00:00+05:30,183.62977770536585,194.11434937420267,179.73551432291666,181.98220825195312,107434,0.0,0.0,0.004685798603324631,4.272228049210354,185.1924835205078,190.30984963632696,180.07511740468865,186.9249290384696,186.9748540091196,186.9498915237946,151.04833564853743,173.8441925048828
2021-01-22 00:00:00+05:30,184.22890795262248,184.22890795262248,179.83537911496654,180.5343475341797,28497,0.0,0.0,-0.007956056428158553,4.238237961776875,184.76810836791992,189.95283686108272,179.58337987475713,186.9249290384696,186.9748540091196,186.9498915237946,151.04833564853743,178.1877899169922
2021-01-25 00:00:00+05:30,183.23036636907025,186.725223493276,179.68557966724515,180.18484497070312,31174,0.0,0.0,-0.0019359338998380382,4.230033013231091,184.34872512817384,189.59191582551694,179.10553443083074,186.89996452072393,186.9748540091196,186.93740926492177,151.04833564853743,174.19366455078125
2021-01-27 00:00:00+05:30,181.48294293892857,181.73257559771665,178.53728061250297,179.2861785888672,33767,0.0,0.0,-0.0049874692956671796,4.208935853457942,183.9318389892578,189.3909058130678,178.47277216544782,186.32581499335282,186.9748540091196,186.65033450123622,151.04833564853743,173.14520263671875
2021-01-28 00:00:00+05:30,180.43448271568508,180.43448271568508,177.4888203894074,177.9381561279297,34541,0.0,0.0,-0.0075188309079237126,4.177289576473494,183.47750701904297,189.33378417742037,177.62122986066558,185.80158488180504,186.9748540091196,186.3882194454623,156.03919467827518,176.8896942138672
2021-01-29 00:00:00+05:30,177.7883826407212,180.5343418874608,175.64153263326745,176.59014892578125,35241,0.0,0.0,-0.007575706253690084,4.145643657705529,182.99821243286132,189.4391493469641,176.55727551875856,184.87794100373506,187.67382506039854,186.27588303206682,156.71295866519745,173.64447021484375
2021-02-01 00:00:00+05:30,175.74139678438837,183.5299390073339,175.74139678438837,178.3874969482422,37621,0.0,0.0,0.010178076372857836,4.187838335468309,182.56884384155273,189.03731102186362,176.10037666124185,184.87794100373506,187.0247815797205,185.95136129172778,157.2479348988059,172.7957305908203
2021-02-02 00:00:00+05:30,181.38308990790645,188.42273417079983,177.73845906103392,184.0292053222656,58221,0.0,0.0,0.03162614236164951,4.320283506853404,182.34167861938477,188.23878587767504,176.4445713610945,184.87794100373506,187.0247815797205,185.95136129172778,157.5723411418327,173.5945587158203
2021-02-03 00:00:00+05:30,184.72817562794432,184.72817562794432,178.08795270667662,179.6855926513672,253499,0.0,0.0,-0.023602844251226496,4.21831252812,181.94725875854493,187.42793763334043,176.46657988374943,184.87794100373506,187.0247815797205,185.95136129172778,157.5723411418327,185.6268310546875
2021-02-04 00:00:00+05:30,183.57986392206385,189.6209620938964,180.7340455087325,185.47706604003903,94386,0.0,0.0,0.03223115055144499,4.354273594286883,181.95974044799806,187.47163062335483,176.4478502726413,182.6312473635819,187.0247815797205,184.82801447165122,157.77197951556968,176.04095458984375
2021-02-05 00:00:00+05:30,189.72083309793604,189.72083309793604,180.3346506076385,181.2333221435547,46131,0.0,0.0,-0.022880154334381397,4.254647142435477,181.6901382446289,186.76876283844882,176.611513650809,182.68118286560173,187.0247815797205,184.85298222266113,158.57051227634574,176.5402069091797
2021-02-08 00:00:00+05:30,180.73404609992787,183.62977886554503,177.78838375496514,178.1877899169922,40814,0.0,0.0,-0.01680448269965573,4.183149998137281,181.33565979003907,186.35189804934225,176.3194215307359,182.68118286560173,187.0247815797205,184.85298222266113,160.7664880636661,167.25389099121094
2021-02-09 00:00:00+05:30,180.68410586511828,180.68410586511828,166.75460728582163,171.89703369140625,57167,0.0,0.0,-0.03530408132070362,4.03546773042634,180.6941032409668,186.95380087153353,174.43440561040006,178.23772019187885,182.5813189059976,180.40951954893822,160.7664880636661,161.46240234375
2021-02-10 00:00:00+05:30,171.64740849066507,194.6136128854288,167.6532859872279,183.62977600097656,190744,0.0,0.0,0.0682544780303378,4.310906473974862,180.69160690307618,186.94652624444996,174.4366875617024,180.6841100856252,182.5813189059976,181.6327144958114,160.7664880636661,165.00718688964844
2021-02-11 00:00:00+05:30,182.6312429650052,182.6312429650052,175.0424194504422,176.3904266357422,35196,0.0,0.0,-0.03942361376727854,4.140954962158016,180.39204788208008,186.86693834736857,173.91715741679158,180.6841100856252,182.5813189059976,181.6327144958114,160.7664880636661,168.80160522460938
2021-02-12 00:00:00+05:30,177.98809372002353,177.98809372002353,174.74286900984077,175.64154052734375,26305,0.0,0.0,-0.004245616514919726,4.123374055383139,179.9452049255371,186.4364438882623,173.4539659628119,180.6841100856252,182.5813189059976,181.6327144958114,163.8109166085126,167.90292358398438
2021-02-15 00:00:00+05:30,175.2920560351707,184.07912867112847,175.24212645614315,180.6341857910156,75243,0.0,0.0,0.028425196275789766,4.240581772225904,179.7604766845703,185.9418198085305,173.5791335606101,180.6841100856252,182.5813189059976,181.6327144958114,163.8109166085126,156.17018127441406
2021-02-16 00:00:00+05:30,182.7310952583568,182.7310952583568,178.3375668221017,178.93667602539062,23478,0.0,0.0,-0.009397500025764227,4.200730904912156,179.6706085205078,185.8449035674201,173.49631347359554,180.6841100856252,180.6841100856252,180.6841100856252,163.8109166085126,160.21424865722656
2021-02-17 00:00:00+05:30,179.73550091727472,181.63270288796576,172.34638086300032,174.3933563232422,22631,0.0,0.0,-0.025390656644944887,4.094071588847723,179.30864028930665,185.82358813143404,172.79369244717927,180.6841100856252,180.6841100856252,180.6841100856252,163.8109166085126,159.9146728515625
2021-02-18 00:00:00+05:30,180.9836729661124,181.5328678485935,174.49322400456907,175.59161376953125,25063,0.0,0.0,0.006871003985198021,4.122201971050382,179.03154830932618,185.6839382270342,172.37915839161818,180.6841100856252,180.6841100856252,180.6841100856252,164.3099944931964,164.60777282714844
2021-02-19 00:00:00+05:30,180.73405548097352,180.73405548097352,173.89411413756025,174.7928009033203,27110,0.0,0.0,-0.0045492654749411665,4.103448979942748,178.67207794189454,185.42516244533152,171.91899343845756,180.6841100856252,180.6841100856252,180.6841100856252,168.2278261261564,166.85447692871094
2021-02-22 00:00:00+05:30,174.74284707906403,179.4858672140672,174.74284707906403,175.4917449951172,24920,0.0,0.0,0.0039987006798034574,4.1198574441683835,178.4199478149414,185.2530243124971,171.5868713173857,181.13344943632836,180.6841100856252,180.90877976097678,170.7232536953976,181.8324432373047
2021-02-23 00:00:00+05:30,178.1378656042772,178.5872165953032,171.94697849161426,173.2450714111328,26513,0.0,0.0,-0.012802161059181971,4.06711436562727,178.07295913696288,185.2136010603224,170.93231721360337,178.01305358137137,180.6841100856252,179.3485818334983,170.97279261431788,172.8456573486328
2021-02-24 00:00:00+05:30,177.18926451414134,177.18926451414134,172.54610298873632,173.2450714111328,18699,0.0,0.0,0.0,4.06711436562727,177.77090377807616,185.18945838308233,170.35234917307,178.01305358137137,180.6841100856252,179.3485818334983,170.97279261431788,171.39776611328125
2021-02-25 00:00:00+05:30,179.7355154584918,183.230372703518,172.2465356477213,178.1877899169922,24186,0.0,0.0,0.028530211368204883,4.183149998137279,177.78338546752929,185.2038844970117,170.36288643804687,178.01305358137137,180.6841100856252,179.3485818334983,170.97279261431788,182.53140258789065
2021-02-26 00:00:00+05:30,178.73697793610458,179.23624323760208,174.94255859745002,175.34197998046875,23183,0.0,0.0,-0.015970847036427926,4.116341549386594,177.72097702026366,185.20197417097512,170.2399798695522,177.58867559756612,180.6841100856252,179.13639284159567,173.0689516247444,174.14373779296875
2021-03-01 00:00:00+05:30,178.83684576192863,184.7281705106953,169.85006989924617,173.8441925048828,73500,0.0,0.0,-0.008542092861919204,4.081179377620358,177.4938117980957,185.15577096710558,169.8318526290858,177.28912020497074,180.6841100856252,178.98661514529798,173.0689516247444,172.5460968017578
2021-03-02 00:00:00+05:30,173.7443316098754,182.7311073828,170.7986692649127,178.1877899169922,93198,0.0,0.0,0.024985576736981763,4.183149998137279,177.20174102783204,184.26022868176395,170.14325337390014,177.28912020497074,180.6841100856252,178.98661514529798,173.0689516247444,168.05270385742188
2021-03-03 00:00:00+05:30,177.83831047524993,183.2303697577705,173.44476658174406,174.19366455078125,41921,0.0,0.0,-0.02241525846451986,4.089383609733176,176.92714462280273,184.0052402635253,169.84904898208015,177.28912020497074,180.6841100856252,178.98661514529798,173.0689516247444,167.90292358398438
2021-03-04 00:00:00+05:30,175.59161483383855,176.09088014159883,172.74579648505772,173.14520263671875,25071,0.0,0.0,-0.0060189440113469495,4.0647698387452715,176.31055145263673,182.36643207516914,170.25467083010432,177.28912020497074,180.6841100856252,178.98661514529798,173.0689516247444,169.35079956054688
2021-03-05 00:00:00+05:30,175.04242169850173,184.7281657186377,171.3478614314026,176.8896942138672,80664,0.0,0.0,0.021626308555628082,4.152675805485587,176.09337005615234,181.71929007135282,170.46745004095186,177.28912020497074,180.6841100856252,178.98661514529798,173.0689516247444,161.46240234375
2021-03-08 00:00:00+05:30,180.53434069384008,180.53434069384008,172.74579874367254,173.64447021484375,31571,0.0,0.0,-0.01834603204808427,4.076490682072844,175.86620407104493,181.5025085436064,170.22989959848346,177.28912020497074,180.6841100856252,178.98661514529798,173.0689516247444,156.17018127441406
2021-03-09 00:00:00+05:30,175.69146335715874,178.1877899613706,172.3463948493359,172.7957305908203,31109,0.0,0.0,-0.0048878010510402525,4.056565606632453,175.91113891601563,181.43206367447297,170.3902141575583,177.28912020497074,180.6841100856252,178.98661514529798,173.0689516247444,158.76637268066406
2021-03-10 00:00:00+05:30,172.74580157308148,174.7428628629437,172.74580157308148,173.5945587158203,15307,0.0,0.0,0.004622962166187072,4.07531895595657,175.4093780517578,179.71073523761527,171.10802086590036,177.28912020497074,180.6841100856252,178.98661514529798,173.0689516247444,159.165771484375
2021-03-12 00:00:00+05:30,174.54315061955006,201.7031796887864,172.84565165954172,185.6268310546875,389386,0.0,0.0,0.06931249704988973,4.3577894890686695,175.87119827270507,182.08026151400895,169.6621350314012,185.7766247940163,184.22889348730402,185.00275914066015,173.49318127975118,159.06593322753906
2021-03-15 00:00:00+05:30,186.2259640538248,194.8133336382536,173.0453626747688,176.04095458984375,271598,0.0,0.0,-0.051640575936027555,4.132750730045196,175.89116897583008,182.09971277251174,169.68262517914843,186.25092447684955,184.22889348730402,185.23990898207677,178.35926499514565,155.57107543945312
2021-03-16 00:00:00+05:30,179.53579860366904,192.7163990121488,175.29204370314244,176.5402069091797,95465,0.0,0.0,0.002836000977722186,4.144471215156287,175.68647003173828,181.50997845868105,169.86296160479552,186.5255205600945,184.22889348730402,185.37720702369927,180.2058882288193,154.42276000976562
2021-03-17 00:00:00+05:30,179.73552464727146,184.72817810969568,164.15843974996025,167.25389099121094,126245,0.0,0.0,-0.052601705189719516,3.9264649621293573,175.1023307800293,181.79373606633624,168.41092549372235,182.93080971937331,182.93080971937331,182.93080971937331,182.02754751865618,165.55638122558594
2021-03-18 00:00:00+05:30,169.89998325166587,174.69293339774546,154.77225006560715,161.46240234375,94937,0.0,0.0,-0.034626929233982806,3.790503537745991,174.45578308105468,183.43351945745755,165.4780467046518,178.23771487719677,178.23771487719677,178.23771487719677,182.17726746162086,162.560791015625
2021-03-19 00:00:00+05:30,161.76196233659937,173.34492375895258,154.6723887569295,165.00718688964844,85414,0.0,0.0,0.021954241324563473,3.8737211671552783,173.92656173706055,183.78845808728732,164.06466538683378,178.18778422285794,178.18778422285794,178.18778422285794,182.60150086165146,160.064453125
2021-03-22 00:00:00+05:30,165.00718580186177,172.54609506882713,160.9132041443031,168.80160522460938,41818,0.0,0.0,0.022995473145654755,3.962799218228352,173.627001953125,183.72912804944946,163.52487585680052,178.18778422285794,178.18778422285794,178.18778422285794,182.72627240198221,160.11439514160156
2021-03-23 00:00:00+05:30,172.1466788687525,175.64153616209097,165.8559479298382,167.90292358398438,35679,0.0,0.0,-0.005323892740410896,3.94170170023872,173.24756088256837,183.61059283001748,162.88452893511925,178.18778422285794,178.18778422285794,178.18778422285794,183.23036238667567,158.86622619628906
2021-03-24 00:00:00+05:30,155.87063428057562,168.7516730521384,152.77518329572294,156.17018127441406,101609,0.0,0.0,-0.06987812992846221,3.6662629566901983,172.39381637573243,185.1770438266877,159.61058892477715,177.23918149225466,177.23918149225466,177.23918149225466,183.23036238667567,157.26856994628906
2021-03-25 00:00:00+05:30,159.76491288700575,166.65476866071012,154.322923589066,160.21424865722656,30550,0.0,0.0,0.025895259580357877,3.7612017876435413,171.7422752380371,185.582106983547,157.90244349252723,173.79425846698825,177.23918149225466,175.51671997962146,183.23036238667567,155.67092895507812
2021-03-26 00:00:00+05:30,164.75755245774653,164.75755245774653,157.76783811105426,159.9146728515625,65645,0.0,0.0,-0.0018698449618235191,3.7541689234305142,170.82861938476563,185.25256314901196,156.4046756205193,172.74579115393587,177.23918149225466,174.99248632309525,183.23036238667567,156.07034301757812
2021-03-30 00:00:00+05:30,161.6620954159666,169.7501992389581,158.91613631063052,164.60777282714844,46079,0.0,0.0,0.029347525726686863,3.8643444924932195,170.29190902709962,184.80366767878567,155.78015037541357,168.7516807027093,177.23918149225466,172.99543109748197,183.23036238667567,157.31849670410156
2021-03-31 00:00:00+05:30,162.7604951883223,169.15108522386856,162.7604951883223,166.85447692871094,59032,0.0,0.0,0.013648833605942379,3.9170882874672994,169.94242324829102,184.43155421288336,155.4532922836987,164.20835972890694,177.23918149225466,170.7237706105808,183.23036238667567,157.36843872070312
2021-04-01 00:00:00+05:30,167.75315453038544,189.1217050248274,166.4550615968646,181.8324432373047,104698,0.0,0.0,0.08976664327078931,4.268712154428563,170.12465591430663,185.11260459062328,155.13670723798998,170.9484441602752,177.23918149225466,174.09381282626492,183.23036238667567,157.51820373535156
2021-04-05 00:00:00+05:30,185.626837164462,187.67382799377413,169.20101142415788,172.8456573486328,66223,0.0,0.0,-0.0494234457210887,4.057737690965212,170.05725555419923,184.9827236759249,155.13178743247357,170.9484441602752,177.23918149225466,174.09381282626492,183.23036238667567,157.26856994628906
2021-04-06 00:00:00+05:30,177.73844132242013,177.73844132242013,170.39923554405416,171.39776611328125,22699,0.0,0.0,-0.008376786883520837,4.023746887098766,169.96988372802736,184.84180681054244,155.09796064551227,170.9484441602752,177.23918149225466,174.09381282626492,183.23036238667567,157.01893615722656
2021-04-07 00:00:00+05:30,172.74579934642634,188.672359880514,170.44917584541406,182.53140258789065,70342,0.0,0.0,0.06495788554940018,4.285120976870683,170.25196914672853,185.8428177260487,154.66112056740835,170.9484441602752,177.23918149225466,174.09381282626492,183.23036238667567,157.16871643066406
2021-04-08 00:00:00+05:30,182.6811778255536,182.6811778255536,172.04683258752038,174.14373779296875,45282,0.0,0.0,-0.045951900199107665,4.0882115254004185,170.27693252563478,185.8912644700639,154.66260058120565,171.7223143069467,177.23918149225466,174.4807478996007,183.23036238667567,164.35813903808594
2021-04-09 00:00:00+05:30,174.74286115182133,179.73551432758765,171.14814477072224,172.5460968017578,37952,0.0,0.0,-0.00917426610602734,4.050705184968667,170.26445083618165,185.87102213489663,154.65787953746667,173.44477156794085,177.23918149225466,175.34197653009775,183.23036238667567,160.66355895996094
2021-04-12 00:00:00+05:30,171.74726404839873,172.0967558546723,165.00718246510402,168.05270385742188,25233,0.0,0.0,-0.026041695683783006,3.9452179532369906,169.98735809326172,185.54375405478083,154.4309621317426,174.01892066772896,177.23918149225466,175.62905107999183,183.23036238667567,161.6121826171875
2021-04-13 00:00:00+05:30,167.75315008024592,171.44771045735854,165.95579185354097,167.90292358398438,23417,0.0,0.0,-0.0008912696433885925,3.9417017002387187,169.10116271972657,182.89427802973754,155.3080474097156,175.94110010657485,177.23918149225466,176.59014079941477,183.23036238667567,159.7149658203125
2021-04-15 00:00:00+05:30,168.25240978196305,172.44623534646536,167.0042465046488,169.35079956054688,27014,0.0,0.0,0.008623292231348723,3.975692145888681,168.76665496826172,182.18576670023756,155.34754323628587,177.06444374496573,177.23918149225466,177.1518126186102,183.23036238667567,159.4154052734375
2021-04-16 00:00:00+05:30,172.69587210657633,177.438892673103,157.01894401817242,161.46240234375,163736,0.0,0.0,-0.0465802183235432,3.7905035377459906,168.01276473999025,181.29220661845872,154.73332286152177,172.84565194934322,177.23918149225466,175.04241672079894,183.23036238667567,157.26856994628906
2021-04-19 00:00:00+05:30,159.76489756415472,160.7634281739307,154.77224451527488,156.17018127441406,27810,0.0,0.0,-0.03277680123988813,3.6662629566901974,167.45857925415038,181.71836979267113,153.19878871562963,171.72230219789444,177.23918149225466,174.48074184507453,183.23036238667567,156.41981506347656
2021-04-20 00:00:00+05:30,156.96901447096775,164.65769739627967,155.421288922719,158.76637268066406,36294,0.0,0.0,0.01662411726146429,3.727211341993578,167.3237777709961,181.85907660155135,152.78847894044083,171.72230219789444,177.23918149225466,174.48074184507453,182.5813189059976,153.42422485351562
2021-04-22 00:00:00+05:30,158.76636533907538,160.86328569281784,157.86769389396736,159.165771484375,13451,0.0,0.0,0.002515638525761865,3.7365876584391535,167.0317070007324,181.97497358149354,152.08844041997128,168.72671117041423,177.23918149225466,172.98294633133446,182.5813189059976,157.86769104003906
2021-04-23 00:00:00+05:30,158.76637098971878,162.71056395130918,157.81776993359475,159.06593322753906,15332,0.0,0.0,-0.0006272595917127255,3.7342438479901223,166.5449234008789,181.85959872941285,151.23024807234495,167.25387942143126,173.79425846698825,170.52406894420977,184.22889348730402,155.77076721191406
2021-04-26 00:00:00+05:30,157.76783978154273,161.56225922862566,152.07621822910252,155.57107543945312,28065,0.0,0.0,-0.021971126797380558,3.652198302913593,165.92833099365234,181.9588566480463,149.89780533925838,164.75755545110275,172.39630862062566,168.57693203586422,184.22889348730402,148.4814910888672
2021-04-27 00:00:00+05:30,158.66651530199536,158.66651530199536,150.02923121353405,154.42276000976562,24316,0.0,0.0,-0.007381291325805672,3.625240363260175,165.84095993041993,182.10317296500108,149.57874689583878,163.73406194331852,169.57546811918073,166.6547650312496,184.22889348730402,147.93231201171875
2021-04-28 00:00:00+05:30,157.4682770415071,181.73257435737537,153.7237871852425,165.55638122558594,126955,0.0,0.0,0.07209831772930508,3.8866140948156085,166.1080665588379,182.16378655749267,150.0523465601831,165.8809027854547,169.57546811918073,167.72818545231772,182.93080971937331,147.58282470703125
2021-04-29 00:00:00+05:30,165.55638293150372,166.45505441171997,160.164308341101,162.560791015625,24825,0.0,0.0,-0.01809407881342351,3.8162893930666524,166.24037246704103,182.13074479641364,150.35000013766842,165.8809027854547,169.57546811918073,167.72818545231772,178.23771487719677,146.73406982421875
2021-04-30 00:00:00+05:30,161.96165510997696,163.25974789587204,157.0189318448066,160.064453125,20300,0.0,0.0,-0.015356334544318617,3.757685176428786,166.0132064819336,182.12122467794853,149.90518828591865,165.8809027854547,169.57546811918073,167.72818545231772,178.18778422285794,146.6342315673828
2021-05-03 00:00:00+05:30,160.8133635463574,165.30675145226164,158.0174746909655,160.11439514160156,25134,0.0,0.0,0.00031201191536611717,3.7588576189780265,165.67620239257812,181.98268187425657,149.36972291089967,165.8809027854547,169.57546811918073,167.72818545231772,178.18778422285794,159.86476135253906
2021-05-04 00:00:00+05:30,160.96313133613802,164.70762112483402,156.7693058200721,158.86622619628906,20840,0.0,0.0,-0.007795482375014706,3.7295555106590936,164.52789154052735,179.26456093594177,149.79122214511293,165.8809027854547,169.57546811918073,167.72818545231772,178.18778422285794,157.01893615722656
2021-05-05 00:00:00+05:30,159.21570157454096,161.46239543091653,156.66944549004177,157.26856994628906,24563,0.0,0.0,-0.010056613594043529,3.692048812010859,163.74903717041016,178.28804712747458,149.21002721334574,165.8809027854547,169.57546811918073,167.72818545231772,177.23918149225466,157.31849670410156
2021-05-06 00:00:00+05:30,158.06741176026785,160.21424665582083,155.0718196810576,155.67092895507812,24987,0.0,0.0,-0.01015867945996185,3.654542471579108,162.9626953125,177.46261740095414,148.46277322404583,165.8809027854547,169.57546811918073,167.72818545231772,177.23918149225466,162.81040954589844
2021-05-07 00:00:00+05:30,159.16577887836704,159.16577887836704,154.92202363285332,156.07034301757812,19477,0.0,0.0,0.002565758842585586,3.6639191462411667,161.63964233398437,173.27359437836944,150.0056902895993,165.8809027854547,169.57546811918073,167.72818545231772,177.23918149225466,162.21128845214844
2021-05-10 00:00:00+05:30,159.76489358992376,159.76489358992376,155.5710681804618,157.31849670410156,15987,0.0,0.0,0.0079973790176322,3.693220896343617,160.79838027954102,171.02821382288718,150.56854673619486,167.72818077130893,169.57546811918073,168.6518244452448,177.23918149225466,158.41688537597656
2021-05-11 00:00:00+05:30,156.8192438083,162.71056863059462,156.41982240093012,157.36843872070312,18460,0.0,0.0,0.0003174580081037881,3.694393338892857,160.03949737548828,168.80279499840924,151.27619975256732,160.68853902228665,169.57546811918073,165.13200357073367,177.23918149225466,153.67385864257812
2021-05-12 00:00:00+05:30,158.7663669979138,159.5152649554511,155.77077516776447,157.51820373535156,16801,0.0,0.0,0.0009516839327246007,3.6979092336746464,159.51277236938478,167.511265793292,151.51427894547754,160.1143875425575,169.350795547024,164.73259154479075,177.23918149225466,148.6313018798828
2021-05-14 00:00:00+05:30,158.31703012653787,159.81482603078825,156.36989849828598,157.26856994628906,18657,0.0,0.0,-0.0015847932692396594,3.6920488120108597,158.9810546875,166.02505094932948,151.93705842567053,160.1143875425575,169.350795547024,164.73259154479075,177.23918149225466,141.64157104492188
2021-05-17 00:00:00+05:30,157.76783410392238,160.2641605929085,156.46974128237608,157.01893615722656,15997,0.0,0.0,-0.0015873088255825563,3.6861883903470734,158.36446151733398,163.57187338103043,153.15704965363753,159.81482237884367,169.350795547024,164.58280896293383,177.23918149225466,143.83834838867188
2021-05-18 00:00:00+05:30,157.8177704876146,163.75902474037275,156.3199745296234,157.16871643066406,24834,0.0,0.0,0.0009538994283309066,3.6897046433453453,158.1497772216797,163.17763900548346,153.12191543787594,159.34052418661304,166.3552045195438,162.84786435307842,177.23918149225466,143.1892852783203
2021-05-19 00:00:00+05:30,157.16870669593317,167.75313690470563,156.2700352713478,164.35813903808594,75304,0.0,0.0,0.04574334365448318,3.8584840708294337,158.55917510986328,164.18077896321168,152.93757125651487,161.33758026877948,165.8809027854547,163.6092415271171,177.23918149225466,142.04098510742188
2021-05-20 00:00:00+05:30,166.55489833062884,166.55489833062884,160.06444977342375,160.66355895996094,32492,0.0,0.0,-0.022478838588388173,3.771749830205392,158.65403442382814,164.3507654816312,152.95730336602506,161.33758026877948,165.8809027854547,163.6092415271171,177.23918149225466,143.83834838867188
2021-05-21 00:00:00+05:30,162.2612214082735,171.59748855000433,160.06445715032737,161.6121826171875,250041,0.0,0.0,0.005904410828238671,3.794019790744264,158.77635498046874,164.6166100597529,152.93609990118458,163.58427836523305,165.8809027854547,164.73259057534386,177.23918149225466,145.43597412109375
2021-05-24 00:00:00+05:30,164.75754837856644,164.75754837856644,158.81629437824924,159.7149658203125,37337,0.0,0.0,-0.011739317953331274,3.7494805860994855,158.8088066101074,164.66248008050482,152.95513313971,163.6841318588844,165.8809027854547,164.78251732216955,177.23918149225466,145.1863555908203
2021-05-25 00:00:00+05:30,160.51379503541207,161.26269299047618,158.06739809614282,159.4154052734375,20186,0.0,0.0,-0.0018755947217371505,3.7424480801029416,159.00102310180665,164.66414519524406,153.33790100836924,163.6841318588844,165.8809027854547,164.78251732216955,177.23918149225466,143.1892852783203
2021-05-26 00:00:00+05:30,160.21423217737456,160.21423217737456,155.32143831803714,157.26856994628906,30987,0.0,0.0,-0.013466925128509888,3.6920488120108597,159.1433135986328,164.4685307904918,153.8180964067738,163.45946343402073,165.8809027854547,164.6701831097377,177.23918149225466,141.09239196777344
2021-05-27 00:00:00+05:30,156.96900995011765,158.8662272642988,155.27151094843728,156.41981506347656,29609,0.0,0.0,-0.005396850006980869,3.672123378353985,158.68648529052734,163.23601555713276,154.13695502392193,163.4344997492208,165.8809027854547,164.65770126733776,177.23918149225466,141.54171752929688
2021-05-28 00:00:00+05:30,156.71937897224132,157.06887078648808,152.77518604004962,153.42422485351562,31232,0.0,0.0,-0.019150963762137763,3.601798676605029,158.2296569824219,162.9644549454375,153.49485901940628,162.186337295027,165.8809027854547,164.03362004024086,177.23918149225466,145.3361358642578
2021-05-31 00:00:00+05:30,156.71937172941833,159.26562775968364,153.77370956107387,157.86769104003906,37120,0.0,0.0,0.028961959499980594,3.7061138240039475,158.11981887817382,162.77979209295228,153.45984566339536,162.186337295027,165.8809027854547,164.03362004024086,177.23918149225466,143.83834838867188
2021-06-01 00:00:00+05:30,157.86768748046745,158.0174609697782,154.62246316355257,155.77076721191406,21700,0.0,0.0,-0.0132827927887611,3.65688628202814,157.90263748168945,162.57553025599196,153.22974470738694,162.186337295027,165.8809027854547,164.03362004024086,177.23918149225466,144.4873809814453
2021-06-02 00:00:00+05:30,156.5695947120135,156.66943862610182,147.33318704046474,148.4814910888672,336073,0.0,0.0,-0.04679489132341741,3.4857626858785373,157.38340072631837,163.5885512729778,151.17825017965893,159.46533779523452,164.53288069892005,161.99910924707729,176.88969895894445,143.0894317626953
2021-06-03 00:00:00+05:30,149.67974067649072,151.2773958359726,146.7840078408447,147.93231201171875,126447,0.0,0.0,-0.0036986365985491876,3.47287011643469,156.91658782958984,164.3785054013192,149.4546702578605,155.7707781097056,164.25829109911004,160.0145346044078,175.86620545116023,142.8397979736328
2021-06-04 00:00:00+05:30,149.62981547015391,149.62981547015391,146.9337706796975,147.58282470703125,57492,0.0,0.0,-0.0023624811911262533,3.4646655261053882,156.5121826171875,165.01628276803126,148.00808246634375,154.02335041566045,159.19074819542453,156.6070493055425,175.86620545116023,140.89268493652344
2021-06-07 00:00:00+05:30,149.5299585743857,149.5299585743857,145.78546879372493,146.73406982421875,62207,0.0,0.0,-0.0057510410476109275,3.4447400924485136,156.04536895751954,165.57063441000125,146.52010350503784,152.99985048554976,158.69147867186462,155.8456645787072,175.86620545116023,140.44332885742188
2021-06-08 00:00:00+05:30,148.53143370162934,149.52996434836297,142.64010898044825,146.6342315673828,92288,0.0,0.0,-0.0006804026969029486,3.442396281999482,155.5111557006836,165.86281026644954,145.15950113491763,150.95286837006594,157.1187987652263,154.03583356764614,175.86620545116023,136.549072265625
2021-06-09 00:00:00+05:30,154.72231942134476,170.94844230043512,153.77371836184085,159.86476135253906,1966446,0.0,0.0,0.09022811142892251,3.7529971973142398,155.6359718322754,166.13495162130033,145.13699204325047,156.7942756404417,157.1187987652263,156.956537202834,175.86620545116023,137.54759216308594
2021-06-10 00:00:00+05:30,161.7120269092469,162.86034623600116,155.42128110972834,157.01893615722656,285845,0.0,0.0,-0.017801453999213734,3.6861883903470725,155.61100845336915,166.09415903055046,145.12785787618785,156.7942756404417,157.1187987652263,156.956537202834,175.86620545116023,137.79722595214844
2021-06-11 00:00:00+05:30,159.76489358992376,162.76048534473483,153.6239365871081,157.31849670410156,133738,0.0,0.0,0.0019077988566618131,3.693220896343617,155.61350479125977,166.0982742152216,145.12873536729793,156.7942756404417,157.1187987652263,156.956537202834,175.86620545116023,138.84568786621094
2021-06-14 00:00:00+05:30,159.7149587402462,165.756071626935,156.07032832010438,162.81040954589844,540368,0.0,0.0,0.03490951767818218,3.822149456513956,155.90307846069337,166.84220212402835,144.96395479735838,156.7942756404417,157.1187987652263,156.956537202834,175.86620545116023,134.6019287109375
2021-06-15 00:00:00+05:30,165.50644238860687,165.70614545582944,160.9631252365481,162.21128845214844,80020,0.0,0.0,-0.0036798697050208773,3.808084444520868,156.15520706176758,167.4303710064733,144.88004311706186,156.7942756404417,157.1187987652263,156.956537202834,175.86620545116023,135.7003173828125
2021-06-16 00:00:00+05:30,161.76196922927772,162.91027341012318,155.77078518374893,158.41688537597656,62897,0.0,0.0,-0.023391732550667732,3.7190067516642777,155.8581443786621,166.5446670120094,145.1716217453148,156.7942756404417,157.1187987652263,156.956537202834,175.86620545116023,134.65187072753906
2021-06-17 00:00:00+05:30,152.1261483473158,157.76784034090855,152.1261483473158,153.67385864257812,40146,0.0,0.0,-0.02994015898079072,3.6076590982688153,155.50865936279297,165.99691776385086,145.02040096173508,156.7942756404417,157.1187987652263,156.956537202834,175.86620545116023,136.149658203125
2021-06-18 00:00:00+05:30,152.97490131492518,155.22159540640655,145.2862179157961,148.6313018798828,40015,0.0,0.0,-0.03281336726517381,3.4892796553097747,154.85961532592773,165.3634759640661,144.35575468778936,156.7942756404417,157.1187987652263,156.956537202834,175.86620545116023,131.10707092285156
2021-06-21 00:00:00+05:30,148.2318638324102,154.07327390975385,135.70030181349617,141.64157104492188,407591,0.0,0.0,-0.047027313537290616,3.3251882069402328,153.9559455871582,165.6857464488503,142.2261447254661,153.32437205696564,153.64889518175025,153.48663361935795,175.86620545116023,128.86038208007812
2021-06-22 00:00:00+05:30,144.2876841501702,147.53290888019134,141.69149827160567,143.83834838867188,59749,0.0,0.0,0.015509411026324305,3.376759917581555,153.1770927429199,165.41662300371658,140.93756248212324,150.7281867202156,153.64889518175025,152.18854095098294,175.86620545116023,136.04978942871094
2021-06-23 00:00:00+05:30,145.18634652480384,146.0850332275423,141.6914893434577,143.1892852783203,29325,0.0,0.0,-0.004512448297846805,3.361522463039227,152.47312850952147,165.3022797644048,139.64397725463814,150.7281867202156,153.64889518175025,152.18854095098294,175.86620545116023,134.4521484375
2021-06-24 00:00:00+05:30,141.49179020208783,143.33907800102003,141.49179020208783,142.04098510742188,18440,0.0,0.0,-0.008019455985595947,3.334564881602292,151.75418701171876,165.22087971972013,138.28749430371738,150.7281867202156,153.64889518175025,152.18854095098294,175.86620545116023,132.05567932128906
2021-06-25 00:00:00+05:30,142.7898881209297,145.7355505978289,142.5402554493896,143.83834838867188,14272,0.0,0.0,0.012653835650961565,3.3767599175815555,151.27489318847657,165.1503479466563,137.39943843029684,150.7032236346628,153.64889518175025,152.17605940820653,175.86620545116023,133.35377502441406
2021-06-28 00:00:00+05:30,145.7854659216173,147.58282402819842,144.78693533311306,145.43597412109375,21443,0.0,0.0,0.011107091747917242,3.414265899796823,150.6533073425293,164.40361383750886,136.90300084754975,149.30528761180966,153.32437205696564,151.31482983438764,175.86620545116023,132.60487365722656
2021-06-29 00:00:00+05:30,145.4359882622188,147.23334654356185,144.78694941113037,145.1863555908203,12967,0.0,0.0,-0.0017163465351811569,3.4084058363495195,150.12408676147462,163.86039991731332,136.3877736056359,146.73407107720237,153.32437205696564,150.029221567084,175.86620545116023,128.71058654785156
2021-06-30 00:00:00+05:30,145.93524449223514,147.78253223977967,142.0909107345753,143.1892852783203,15665,0.0,0.0,-0.013755220346795882,3.361522463039227,149.85947647094727,163.91583504544923,135.80311789644531,145.46094860995134,153.32437205696564,149.39266033345848,175.86620545116023,129.55934143066406
2021-07-01 00:00:00+05:30,144.98665563111632,147.28327930483854,139.94407251272762,141.09239196777344,18506,0.0,0.0,-0.01464420544086864,3.3122956374963857,149.51748046875,164.07419597766628,134.9607649598337,144.886787861625,153.32437205696564,149.1055799592953,175.86620545116023,128.26124572753906
2021-07-02 00:00:00+05:30,141.84127976710874,144.1878176178369,139.94406241854583,141.54171752929688,16607,0.0,0.0,0.00318461934946912,3.322844038274719,149.21542510986328,164.16982530822114,134.26102491150542,143.86329732916275,153.32437205696564,148.5938346930642,175.86620545116023,134.15260314941406
2021-07-05 00:00:00+05:30,142.2906144034369,145.7854715993108,141.9910521679455,145.3361358642578,28668,0.0,0.0,0.026807773716434946,3.4119220893477924,149.14552841186523,164.15926044756154,134.13179637616892,143.86329732916275,153.32437205696564,148.5938346930642,175.86620545116023,127.31266021728516
2021-07-06 00:00:00+05:30,146.08504243253267,149.13056407259555,142.83981770251154,143.83834838867188,15029,0.0,0.0,-0.010305678396354545,3.376759917581556,149.0057342529297,164.16333613307515,133.84813237278425,144.5373132455707,153.32437205696564,148.93084265126816,175.86620545116023,126.96317291259766
2021-07-07 00:00:00+05:30,142.29061661432243,146.5843014260985,142.29061661432243,144.4873809814453,13888,0.0,0.0,0.004512236132047764,3.3919966556909182,148.236865234375,162.6468721433517,133.8268583253983,144.5373132455707,153.32437205696564,148.93084265126816,172.42128242589382,130.95729064941406
2021-07-08 00:00:00+05:30,145.23626636415793,147.3831162019877,142.78986954853684,143.0894317626953,9931,0.0,0.0,-0.009675233984132614,3.3591782943737134,147.54039001464844,161.52073897377645,133.56004105552043,144.5373132455707,153.32437205696564,148.93084265126816,170.02479302630678,129.65921020507812
2021-07-09 00:00:00+05:30,143.0894306106939,144.78692949543597,141.0424399395195,142.8397979736328,19367,0.0,0.0,-0.0017445997652468792,3.3533178727099267,146.816455078125,160.1756002111348,133.45730994511518,144.5373132455707,153.32437205696564,148.93084265126816,167.95285643283606,127.16287231445312
2021-07-12 00:00:00+05:30,143.58871472322082,144.2377535701848,137.44774190402055,140.89268493652344,32399,0.0,0.0,-0.013631446310703899,3.3076073001653574,145.72056884765624,157.07767879097503,134.36345890433745,143.28915298830805,153.32437205696564,148.30676252263686,167.95285643283606,127.16287231445312
2021-07-13 00:00:00+05:30,141.64157781823624,143.68855344749582,138.99546247220104,140.44332885742188,37540,0.0,0.0,-0.0031893499602482223,3.2970581829540584,144.6321708679199,153.28319851138656,135.98114322445326,143.28915298830805,153.32437205696564,148.30676252263686,167.45358690927617,124.8662567138672
2021-07-14 00:00:00+05:30,141.2920930573012,142.1907645864395,134.85157313482526,136.549072265625,202673,0.0,0.0,-0.02772831307459489,3.205636321431953,143.53878021240234,150.23180303073065,136.84575739407404,141.9910686037104,152.9000077176302,147.4455381606703,165.88090700263783,117.4272003173828
2021-07-15 00:00:00+05:30,137.64745131909456,139.44479423630546,136.5989911264762,137.54759216308594,23978,0.0,0.0,0.007312535199935688,3.2290776498706166,142.73246688842772,148.08560724351452,137.37932653334093,141.9910686037104,150.30382238088015,146.14744549229528,165.88090700263783,120.32294464111328
2021-07-16 00:00:00+05:30,137.59752287485375,138.74582699657438,136.79869532930678,137.79722595214844,11412,0.0,0.0,0.0018148902873307282,3.2349380715344034,142.190763092041,147.22650557568556,137.15502060839646,141.9910686037104,150.30382238088015,146.14744549229528,165.88090700263783,119.92353057861328
2021-07-19 00:00:00+05:30,136.79869701686016,140.29355423991865,135.85009596073226,138.84568786621094,21751,0.0,0.0,0.00760873019625663,3.2595518425223076,142.05096893310548,147.29321073038076,136.8087271358302,141.11734466840647,150.30382238088015,145.7105835246433,165.88090700263783,123.31853485107422
2021-07-20 00:00:00+05:30,138.79575420808075,139.5446521624409,132.80457057319958,134.6019287109375,16917,0.0,0.0,-0.030564572947794022,3.159925032454418,141.58914794921876,147.6876588648224,135.49063703361512,140.09384338759364,149.2553580145145,144.6746007010541,165.88090700263783,125.66507720947266
2021-07-22 00:00:00+05:30,135.05127851591598,138.4962064178466,134.8016458384374,135.7003173828125,13950,0.0,0.0,0.008160274391266986,3.1857108877750795,141.21469955444337,147.78118625996893,134.6482128489178,138.7957500343178,147.8574219916614,143.3265860129896,165.88090700263783,126.51382446289062
2021-07-23 00:00:00+05:30,136.29944028478545,137.39783014719592,133.60341044730532,134.65187072753906,54570,0.0,0.0,-0.007726191622056122,3.161097475003659,140.84524383544922,147.99627051834136,133.6942171525571,138.52116207169217,145.28620545705405,141.9036837643731,165.88090700263783,125.01602935791016
2021-07-26 00:00:00+05:30,135.35083064769685,159.7649016308942,134.80163575106698,136.149658203125,514224,0.0,0.0,0.011123406362594235,3.1962596467698954,140.46080932617187,147.7536949830366,133.16792366930713,146.2847361020469,146.2847361020469,146.2847361020469,165.88090700263783,124.3669891357422
2021-07-27 00:00:00+05:30,137.79722290045518,144.6870779509308,130.15846989943358,131.10707092285156,279290,0.0,0.0,-0.03703709099842378,3.077879487377889,139.74436416625977,147.73159955002558,131.75712878249396,144.9616857651639,144.9616857651639,144.9616857651639,165.6562344304811,128.81045532226562
2021-07-28 00:00:00+05:30,131.70618526094978,133.35376995801394,127.31265654151542,128.86038208007812,58229,0.0,0.0,-0.017136290414843214,3.0251360506202927,138.92806549072264,147.81991910743247,130.03621187401282,143.5387790862048,143.5387790862048,143.5387790862048,162.18633084700508,127.01309204101562
2021-07-29 00:00:00+05:30,129.80897339987098,139.29501376370771,128.8104428352566,136.04978942871094,214703,0.0,0.0,0.05579222436392506,3.1939151198878983,138.5710906982422,147.3205726590449,129.82160873743948,143.5387790862048,143.5387790862048,143.5387790862048,162.18633084700508,127.26272583007812
2021-07-30 00:00:00+05:30,135.70031177329693,138.19663844489085,131.35671250654485,134.4521484375,40321,0.0,0.0,-0.011743061109610098,3.156408779456147,138.23907852172852,147.08513141620557,129.39302562725146,143.5387790862048,143.5387790862048,143.5387790862048,159.19073981952488,126.61368560791016
2021-08-02 00:00:00+05:30,135.10120087086852,135.80016928314038,130.80751600067197,132.05567932128906,27644,0.0,0.0,-0.01782395554151328,3.1001490897002784,137.76477661132813,146.86797295238847,128.6615802702678,143.5387790862048,143.5387790862048,143.5387790862048,158.71643808543575,126.11442565917967
2021-08-03 00:00:00+05:30,132.105611677567,134.55200879011343,131.85597900819758,133.35377502441406,17955,0.0,0.0,0.009829911971955152,3.130623282351969,137.16565856933593,145.75402713610663,128.57729000256523,143.5387790862048,143.5387790862048,143.5387790862048,158.71643808543575,129.25979614257812
2021-08-04 00:00:00+05:30,132.10560833113487,134.40223187843037,130.5578827729769,132.60487365722656,23494,0.0,0.0,-0.0056158992653218,3.113042017360609,136.60398483276367,144.83123232400828,128.37673734151906,143.5387790862048,143.5387790862048,143.5387790862048,158.71643808543575,129.01016235351562
2021-08-05 00:00:00+05:30,133.303833341817,133.303833341817,127.11294675074396,128.71058654785156,10464,0.0,0.0,-0.029367601672329435,3.021619439405538,135.81514511108398,143.88999408151759,127.74029614065036,143.43892419081908,143.43892419081908,143.43892419081908,158.71643808543575,131.955810546875
2021-08-06 00:00:00+05:30,133.4036902189147,133.4036902189147,128.1114751517374,129.55934143066406,15941,0.0,0.0,0.006594289604118453,3.041544873062412,135.1386405944824,142.9210764085524,127.35620478041243,135.9000123508374,143.43892419081908,139.66946827082825,158.71643808543575,131.60633850097656
2021-08-09 00:00:00+05:30,127.06301211829415,131.7561026423841,127.06301211829415,128.26124572753906,19943,0.0,0.0,-0.010019313843299349,3.0110706804107217,134.40971298217772,141.89232960405997,126.92709636029548,133.17901294100093,143.4139568745942,138.29648490779755,158.71643808543575,132.25538635253906
2021-08-10 00:00:00+05:30,128.41105173098842,137.79723404221488,123.66802337584362,134.15260314941406,144142,0.0,0.0,0.045932482477129666,3.149376631676086,134.07270889282228,140.9317066890639,127.21371109658065,131.48151856977566,141.71646250336892,136.59899053657227,158.71643808543575,125.0659637451172
2021-08-11 00:00:00+05:30,130.35818180309005,133.70325040031113,124.816333546358,127.31266021728516,35574,0.0,0.0,-0.05098628555504692,2.988801615413057,133.41617546081542,140.22328343635172,126.60906748527911,130.93233091036723,141.71646250336892,136.32439670686807,158.71643808543575,122.61956024169922
2021-08-12 00:00:00+05:30,126.81339179235566,129.3596479819168,125.81486114832136,126.96317291259766,10750,0.0,0.0,-0.0027451103770121943,2.980597025083756,132.93688049316407,140.1370671139352,125.73669387239296,130.73262870902926,141.71646250336892,136.2245456061991,158.71643808543575,126.71353912353516
2021-08-13 00:00:00+05:30,127.81192514850996,134.7517102245342,124.81633315284176,130.95729064941406,65140,0.0,0.0,0.03145886830952138,3.074363234379617,132.60736541748048,139.52817964047523,125.68655119448573,130.73262870902926,141.71646250336892,136.2245456061991,158.71643808543575,124.81483459472656
2021-08-16 00:00:00+05:30,128.91031222215244,131.7561154154489,126.264196873994,129.65921020507812,21112,0.0,0.0,-0.009912242670100935,3.0438893999444097,132.20046463012696,138.79891877302543,125.60201048722848,130.73262870902926,141.71646250336892,136.2245456061991,158.71643808543575,124.86479949951172
2021-08-17 00:00:00+05:30,129.70912081214993,129.70912081214993,126.91323966066813,127.16287231445312,5089,0.0,0.0,-0.01925307031160084,2.9852851833065435,131.61632385253907,137.81005619868915,125.42259150638898,130.73262870902926,141.71646250336892,136.2245456061991,158.71643808543575,125.21456146240234
2021-08-18 00:00:00+05:30,126.21427127734366,130.80751058335125,125.01602996826514,127.16287231445312,8400,0.0,0.0,0.0,2.9852851833065435,131.24437103271484,137.56976850023867,124.91897356519101,130.73262870902926,141.71646250336892,136.2245456061991,153.64889518175025,125.41442108154295
2021-08-20 00:00:00+05:30,125.01603021188284,127.16287256225438,123.4183827481822,124.8662567138672,13173,0.0,0.0,-0.01806042564772181,2.93136966221619,130.7026679992676,137.26274476346214,124.14259123507306,130.60780839519853,141.5916421895382,136.09972529236836,153.64889518175025,122.21660614013672
2021-08-23 00:00:00+05:30,125.5152968797346,125.5152968797346,116.07918549335488,117.4272003173828,18836,0.0,0.0,-0.0595761945000971,2.7567298130683144,129.84143447875977,138.3570274619401,121.32584149557943,126.93820976778488,137.92204356212454,132.4301266649547,153.2245308424148,120.81756591796876
2021-08-24 00:00:00+05:30,113.83249534511964,124.41691882725702,113.38315959497842,120.32294464111328,55238,0.0,0.0,0.02465991112709709,2.824710525259998,129.05009880065919,138.00866391319553,120.09153368812282,124.06743490975632,136.57403061293633,130.32073276134633,153.2245308424148,122.41647338867188
2021-08-25 00:00:00+05:30,120.9719908174554,124.81633232956928,118.87507795795553,119.92353057861328,52712,0.0,0.0,-0.003319517018897211,2.8153338505979395,128.49092178344728,138.2365469726774,118.74529659421715,124.06743490975632,136.57403061293633,130.32073276134633,153.2245308424148,122.31653594970705
2021-08-26 00:00:00+05:30,119.82367758808832,124.81633082092532,119.72382604706844,123.31853485107422,61246,0.0,0.0,0.028309742517423686,2.8950352270089543,128.21382942199708,138.21625022900318,118.21140861499097,124.06743490975632,136.57403061293633,130.32073276134633,153.2245308424148,122.76622772216795
2021-08-27 00:00:00+05:30,126.7135374094659,126.7135374094659,122.71941492291496,125.66507720947266,52565,0.0,0.0,0.019028302284261223,2.9501228324320654,127.69459381103516,137.06778706768526,118.32140055438508,122.56963750521366,136.57403061293633,129.571834059075,152.20102956160196,129.56158447265625
2021-08-30 00:00:00+05:30,124.8163254835874,128.06154994616068,123.8177948797187,126.51382446289062,51994,0.0,0.0,0.006754042350232137,2.9700480869806984,127.29767761230468,136.14463691341376,118.45071831119562,122.09533508916483,136.57403061293633,129.3346828510506,152.20102956160196,126.61360168457033
2021-08-31 00:00:00+05:30,125.26566201047642,126.06448954596203,124.36699055578508,125.01602935791016,54163,0.0,0.0,-0.011838983694780425,2.93488573610622,126.94569511413575,135.56213268155287,118.32925754671862,122.09533508916483,136.57403061293633,129.3346828510506,152.20102956160196,125.81415557861328
2021-09-01 00:00:00+05:30,124.46684067199176,126.06448810653684,120.07330451335488,124.3669891357422,53463,0.0,0.0,-0.005191656026042879,2.919648818888617,126.49635581970215,134.64917318830658,118.34353845109771,120.72235477056955,129.0351187729546,124.87873677176208,152.20102956160196,126.56364440917967
2021-09-02 00:00:00+05:30,122.81927135378814,129.95875948834296,122.6195682687793,128.81045532226562,75831,0.0,0.0,0.03572866254463669,3.0239639662875355,126.3066349029541,134.04363165908603,118.56963814682217,121.6709595416607,126.33908667934307,124.00502311050188,150.87797922471896,126.06398010253906
2021-09-03 00:00:00+05:30,128.86037978582496,131.60633899567398,125.81485834217332,127.01309204101562,66351,0.0,0.0,-0.013953551183040647,2.981768930308272,126.22176017761231,133.88755745582225,118.55596289940237,122.4947492953262,126.33908667934307,124.41691798733464,149.4550725457599,124.96473693847656
2021-09-06 00:00:00+05:30,127.5123584877426,130.30824730085843,126.2142732387978,127.26272583007812,56179,0.0,0.0,0.0019654177774199866,2.9876293519720583,126.106929397583,133.63540475746424,118.57845403770175,125.24070847681475,125.78989901993464,125.51530374837469,149.4550725457599,127.8627471923828
2021-09-07 00:00:00+05:30,126.863318262801,127.86184888236438,125.81485806498584,126.61368560791016,52668,0.0,0.0,-0.005100002517898106,2.9723924347544544,126.02455139160156,133.49208410876332,118.55701867443982,125.6650825213712,125.59019681859665,125.62763966998392,149.4550725457599,126.31381225585938
2021-09-08 00:00:00+05:30,126.61369099018486,127.8618543176978,125.914714955867,126.11442565917967,49196,0.0,0.0,-0.003943175228912965,2.9606717705351224,125.62264251708984,132.0844370492667,119.16084798491298,125.83982175451443,125.59019681859665,125.71500928655554,149.4550725457599,125.21456146240234
2021-09-09 00:00:00+05:30,126.81339897343533,133.80311387748296,125.7150167264362,129.25979614257812,109050,0.0,0.0,0.024940608236988737,3.034512725282351,125.71999931335449,132.33919233720127,119.1008062895077,126.93820919541892,125.59019681859665,126.26420300700778,149.4550725457599,120.91749572753906
2021-09-13 00:00:00+05:30,129.90884911809806,130.85745022818298,127.86185815231325,129.01016235351562,55429,0.0,0.0,-0.0019312562491368146,3.028652303618564,125.8223487854004,132.57865043681326,119.06604713398751,126.93820919541892,125.59019681859665,126.26420300700778,149.13054942097529,120.91749572753906
2021-09-14 00:00:00+05:30,129.01014837211147,132.7546380611416,127.86184429535592,131.955810546875,59936,0.0,0.0,0.022832683407433274,3.0978045628182804,125.87227478027344,132.794161288878,118.95038827166888,126.93820919541892,125.59019681859665,126.26420300700778,149.03069452558952,120.2179718017578
2021-09-15 00:00:00+05:30,131.95581507545918,135.75023447117036,129.80898034128515,131.60633850097656,58001,0.0,0.0,-0.0026484021010525494,3.0896003307054625,125.96963119506836,133.1545108644563,118.78475152568042,129.18490136997482,125.59019681859665,127.38754909428573,149.03069452558952,121.26725006103516
2021-09-16 00:00:00+05:30,131.65627708258336,133.55347929199678,129.06009120366792,132.25538635253906,55581,0.0,0.0,0.004931737019320481,3.1048374270313075,126.22425689697266,133.90937815632427,118.53913563762106,130.73262559880328,125.59019681859665,128.16141120869997,149.00572720936464,118.11940002441406
2021-09-17 00:00:00+05:30,132.25538136822146,132.75464669255328,121.47125493356504,125.0659637451172,59091,0.0,0.0,-0.05436014975040626,2.9360579995472196,126.11941146850586,133.8076996102054,118.43112332680634,128.6107447023677,124.56669703307439,126.58872086772104,147.30823283813936,118.26929473876952
2021-09-20 00:00:00+05:30,122.12029494367631,124.81632450572648,121.82073271758904,122.61956024169922,51406,0.0,0.0,-0.019560905542644003,2.878626046350352,126.00707664489747,133.8312595606556,118.18289372913932,128.6107447023677,124.56669703307439,126.58872086772104,147.30823283813936,118.0694351196289
2021-09-21 00:00:00+05:30,123.21868190052771,127.8119212985578,120.82220685254292,126.71353912353516,58243,0.0,0.0,0.03338764935843974,2.9747366034199696,126.47139358520508,133.22142435099323,119.72136281941691,128.28622066185665,124.56669703307439,126.42645884746551,147.30823283813936,113.62246704101562
2021-09-22 00:00:00+05:30,127.46302913505902,127.46302913505902,121.9667794802601,124.81483459472656,66057,0.1,0.0,-0.014984227746630219,2.9301624726680875,126.69598808288575,132.88228965205587,120.50968651371564,128.28622066185665,124.56669703307439,126.42645884746551,147.30823283813936,115.82096862792967
2021-09-23 00:00:00+05:30,124.91476845657132,128.66221151026843,123.31586094516568,124.86479949951172,64230,0.0,0.0,0.0004003122300917372,2.9313354525420525,126.94305152893067,132.3677935551844,121.51830950267694,128.28622066185665,124.56669703307439,126.42645884746551,147.30823283813936,117.7196807861328
2021-09-24 00:00:00+05:30,125.51435231904289,126.91339918927488,123.96541383258663,125.21456146240234,53505,0.0,0.0,0.0028011254115856143,2.9395464907680497,127.03785285949706,132.26655946314415,121.80914625584998,128.28622066185665,124.56669703307439,126.42645884746551,147.30823283813936,118.66902923583984
2021-09-27 00:00:00+05:30,125.06466127268784,131.90998870728026,124.1153045067187,125.41442108154295,55432,0.0,0.0,0.0015961371968755689,2.94423841026391,127.02532005310059,132.26846657671507,121.7821735294861,128.28622066185665,124.56669703307439,126.42645884746551,147.30823283813936,120.31790161132812
2021-09-28 00:00:00+05:30,126.0140103288574,126.0140103288574,120.76759032701835,122.21660614013672,47000,0.0,0.0,-0.02549798431335948,2.86916626546421,126.81045913696289,132.4608024350568,121.16011583886899,127.16053480950757,124.56669703307439,125.86361592129097,147.18341252430866,122.5164031982422
2021-09-29 00:00:00+05:30,121.41715528341877,124.814838519892,118.91885990721671,120.81756591796876,72783,0.0,0.0,-0.011447218723810604,2.8363222916684623,126.60053596496581,132.79397776217712,120.40709416775452,125.836753299885,124.56669703307439,125.20172516647969,143.513813896895,121.56705474853516
2021-09-30 00:00:00+05:30,121.31722494838758,123.66562107631135,120.71763558315912,122.41647338867188,57910,0.0,0.0,0.013234064587832606,2.873858364068312,126.50301017761231,132.89450424292056,120.11151611230406,125.41442430724848,127.31265621456294,126.36354026090571,139.5696156109567,120.51776123046876
2021-10-01 00:00:00+05:30,122.9161252798925,123.91544337159894,119.91817100477316,122.31653594970705,61443,0.0,0.0,-0.0008163724717630272,2.871512225212141,126.17831420898438,132.72751561776525,119.6291128002035,125.41442430724848,127.33454718919353,126.374485748221,139.5696156109567,122.5164031982422
2021-10-04 00:00:00+05:30,122.41646791012036,124.31517383519736,122.16663838377316,122.76622772216795,53242,0.0,0.0,0.003676459351708683,2.882069223186068,125.96597099304199,132.66841584170737,119.26352614437661,125.41442430724848,127.33454718919353,126.374485748221,139.5696156109567,121.21729278564452
2021-10-05 00:00:00+05:30,123.41578430885627,133.90862427033798,122.56636545586043,129.56158447265625,97811,0.0,0.0,0.055352004183649495,3.0415975308854306,126.0809139251709,132.94701458319415,119.21481326714766,126.41374208877735,127.33454718919353,126.87414463898544,139.54465252540393,122.3665008544922
2021-10-06 00:00:00+05:30,133.40896789283343,134.85797610491394,124.8647949893459,126.61360168457033,145096,0.0,0.0,-0.022753525283631393,2.972390464563798,126.0809097290039,132.9470090704697,119.21481038753811,126.88841800606534,127.33454718919353,127.11148259762943,138.14671650255082,123.56568908691406
2021-10-07 00:00:00+05:30,127.26316383455963,128.56227284439615,124.01537987367982,125.81415557861328,54743,0.0,0.0,-0.0063140618015802286,2.9536226074721146,126.06589622497559,132.93296029237186,119.19883215757932,126.88841800606534,127.33454718919353,127.11148259762943,136.57403061293633,121.81687927246094
2021-10-08 00:00:00+05:30,125.81415580149508,127.26316406000838,125.11462852647402,126.56364440917967,54407,0.0,0.0,0.005957110526391363,2.971217663798074,125.93108863830567,132.6445556802943,119.21762159631704,126.88841800606534,127.33454718919353,127.11148259762943,136.57403061293633,120.06807708740234
2021-10-11 00:00:00+05:30,127.21319744477228,127.6129185862516,125.3644528565661,126.06398010253906,53673,0.0,0.0,-0.00394792919383069,2.95948750684194,125.78377952575684,132.34652007896176,119.22103897255191,126.88841800606534,127.33454718919353,127.11148259762943,136.57403061293633,116.42056274414062
2021-10-12 00:00:00+05:30,126.26384595096984,126.31381490783944,124.41510890968054,124.96473693847656,57801,0.0,0.0,-0.008719724406356155,2.9336815913982246,125.43422584533691,131.35105757552253,119.51739411515129,127.38807355484354,127.33454718919353,127.36131037201854,136.57403061293633,111.97360229492188
2021-10-13 00:00:00+05:30,124.96473081653538,129.31175538030652,124.16527329094104,127.8627471923828,58676,0.0,0.0,0.02319062421051621,3.00171549873765,125.24704627990722,130.572200921546,119.92189163826845,127.38807355484354,127.33454718919353,127.36131037201854,136.57403061293633,112.8230209350586
2021-10-14 00:00:00+05:30,126.91340160474412,128.36240983323162,125.91408348187213,126.31381225585938,47566,0.0,0.0,-0.012114043930190888,2.9653525853200073,124.94996757507325,129.2277669698453,120.67216818030117,128.51230724434356,127.33454718919353,127.92342721676854,136.57403061293633,116.42056274414062
2021-10-18 00:00:00+05:30,126.21387956625492,128.3124384353148,123.26588658537462,125.21456146240234,53476,0.0,0.0,-0.008702538335478405,2.93954649076805,124.9573974609375,129.23650709026498,120.67828783161004,128.7121707803872,127.33454718919353,128.02335898479038,136.57403061293633,115.3213119506836
2021-10-19 00:00:00+05:30,125.0146986033858,126.11394703970676,119.46848746477858,120.91749572753906,58481,0.0,0.0,-0.03431761996909233,2.8386682514163932,124.87229423522949,129.39737146226088,120.3472170081981,127.16323178484626,127.33454718919353,127.2488894870199,136.57403061293633,111.3740005493164
2021-10-20 00:00:00+05:30,119.26861926096142,126.46371449033867,118.21933978164284,120.91749572753906,57542,0.0,0.0,0.0,2.8386682514163932,124.58249206542969,129.33786548340538,119.82711864745399,123.76554758097468,126.9847871264066,125.37516735369064,136.57403061293633,105.67789459228516
2021-10-21 00:00:00+05:30,122.9161276517536,123.76554652125655,118.91885520779412,120.2179718017578,54754,0.0,0.0,-0.00578513408313952,2.8222461749643983,124.35264892578125,129.47520215163462,119.23009569992789,123.76554758097468,126.9847871264066,125.37516735369064,136.57403061293633,103.87911224365234
2021-10-22 00:00:00+05:30,120.21797062924492,123.66561502885747,119.26861385854858,121.26725006103516,45279,0.0,0.0,0.008728131439512676,2.8468791105341493,124.17277145385742,129.4625216823844,118.88302122533047,123.76554758097468,126.5386579432784,125.15210276212653,136.57403061293633,99.63201141357422
2021-10-25 00:00:00+05:30,121.26725366163312,121.916811971566,117.26998113797522,118.11940002441406,50817,0.0,0.0,-0.02595795678583246,2.7729799456084145,123.81801338195801,129.70545615285343,117.93057061106258,123.29086825914086,126.06397862144459,124.67742344029273,136.57403061293633,100.08171081542967
2021-10-26 00:00:00+05:30,118.71899245497144,120.41783016277782,116.52048807665447,118.26929473876952,55003,0.0,0.0,0.0012690101230150574,2.776498885230309,123.46075706481933,129.773890007806,117.14762412183268,122.9161217284805,125.6892320907842,124.30267690963235,136.57403061293633,101.38082122802734
2021-10-27 00:00:00+05:30,117.9195358796892,119.51844331593132,117.71967530923094,118.0694351196289,51810,0.0,0.0,-0.0016898690364397506,2.771806965734449,123.25339851379394,129.9798919168083,116.52690511077958,122.44144895494304,125.6892320907842,124.06534052286362,136.57403061293633,121.16732025146484
2021-10-28 00:00:00+05:30,118.46916601582988,118.46916601582988,110.12485362573486,113.62246704101562,43719,0.0,0.0,-0.037664007404690114,2.667409607652655,122.89364356994629,130.78520598001217,115.00208115988043,119.21864603052482,122.4914148653244,120.8550304479246,136.57403061293633,114.47189331054688
2021-10-29 00:00:00+05:30,114.22206120225088,118.76895395576904,113.97223167873256,115.82096862792967,49306,0.0,0.0,0.019349180176843284,2.719021796756569,122.56386833190918,131.04355117271342,114.08418549110493,118.29428405803677,122.4914148653244,120.39284946168058,136.57403061293633,114.32199096679688
2021-11-01 00:00:00+05:30,116.37059518810132,117.91954136588956,115.12144750414063,117.7196807861328,52038,0.0,0.0,0.01639350957513286,2.7635961066166925,122.33402557373047,131.07608697428876,113.59196417317219,118.29428405803677,122.4914148653244,120.39284946168058,136.57403061293633,114.12212371826172
2021-11-02 00:00:00+05:30,118.31926941135164,119.91817691200656,117.3699126029495,118.66902923583984,51956,0.0,0.0,0.00806448372410884,2.7858830824385135,122.12916564941406,131.0135344949558,113.24479680387235,116.9452000734957,122.4914148653244,119.71830746941005,136.57403061293633,112.87297821044922
2021-11-03 00:00:00+05:30,117.91953662961616,121.01742123657274,117.91953662961616,120.31790161132812,52770,0.0,0.0,0.01389471529434494,2.824592134712329,121.66698150634765,129.88661648263388,113.44734653006142,116.89523432729617,122.4914148653244,119.69332459631028,136.57403061293633,112.97291564941406
2021-11-04 00:00:00+05:30,122.91613198155729,123.41579105465304,121.11735626873558,122.5164031982422,15749,0.0,0.0,0.018272439574420707,2.876204323816244,121.46212158203124,129.3735809704319,113.55066219363059,116.77032234019396,122.4914148653244,119.63086860275918,136.57403061293633,111.02423858642578
2021-11-08 00:00:00+05:30,123.11599331003885,123.11599331003885,117.91954196790964,121.56705474853516,52159,0.0,0.0,-0.007748745677514823,2.8539173479944235,121.24976654052735,128.90362527841108,113.59590780264361,116.77032234019396,122.4914148653244,119.63086860275918,136.57403061293633,109.22547149658205
2021-11-09 00:00:00+05:30,122.2166065735082,123.11598676337329,119.31858256118728,120.51776123046876,52962,0.0,0.0,-0.008631397052736745,2.8292840542081903,120.9474723815918,128.2008219601755,113.69412280300809,116.77032234019396,122.4914148653244,119.63086860275918,136.57403061293633,105.87775421142578
2021-11-10 00:00:00+05:30,121.16732522572212,124.41510920084455,121.06739493594144,122.5164031982422,55980,0.0,0.0,0.016583796009547402,2.876204323816244,120.77009353637695,127.67577959050871,113.86440748224518,117.26998141328971,122.4914148653244,119.88069813930706,136.57403061293633,105.32813262939452
2021-11-11 00:00:00+05:30,123.1659600985821,123.86547974317703,119.91817616089128,121.21729278564452,53879,0.0,0.0,-0.010603563104081726,2.845706309768426,120.58272132873535,127.21818920292529,113.9472534545454,119.19367043978855,122.4914148653244,120.84254265255647,136.57403061293633,101.03105926513672
2021-11-12 00:00:00+05:30,121.81688046251269,124.26520680904008,121.16732215908942,122.3665008544922,50923,0.0,0.0,0.009480562075246945,2.8726852050861074,120.30790901184082,126.10890766448489,114.50691035919675,119.76827835249259,122.4914148653244,121.1298466089085,136.57403061293633,107.32676696777344
2021-11-15 00:00:00+05:30,120.11803694192427,126.61360482832534,120.11803694192427,123.56568908691406,63973,0.0,0.0,0.009799971593923651,2.900837438494236,120.17050285339356,125.5022895317749,114.83871617501221,121.99175871563742,119.71830450302069,120.85503160932905,136.57403061293633,118.2193374633789
2021-11-16 00:00:00+05:30,124.2152442640286,124.51503512285448,120.46780134726416,121.81687927246094,55484,0.0,0.0,-0.014152875505942797,2.859782247364249,120.00061874389648,124.87043162615964,115.13080586163332,122.26657072897075,119.71830450302069,120.99243761599573,136.57403061293633,110.37468719482422
2021-11-17 00:00:00+05:30,122.4664421690461,123.915450434939,118.01947183295422,120.06807708740234,54714,0.0,0.0,-0.014355992334585621,2.818727235342504,119.95814781188965,124.80982073980755,115.10647488397174,122.26657339811749,119.71830450302069,120.9924389505691,129.0351187729546,109.42533111572266
2021-11-18 00:00:00+05:30,119.91817621714056,120.8175640636076,113.92226740628354,116.42056274414062,54154,0.0,0.0,-0.030378718738091837,2.733097913460635,119.73330116271973,124.80069786722107,114.66590445821838,120.26793611730443,119.71830450302069,119.99312031016257,126.33908667934307,115.5711441040039
2021-11-22 00:00:00+05:30,116.4205650341011,116.87025515408374,111.0242454733472,111.97360229492188,53950,0.0,0.0,-0.03819737977896487,2.6287007344870825,119.32108268737792,125.41356138376804,113.2286039909878,118.81892515083626,119.71830450302069,119.26861482692848,126.33908667934307,106.67720794677734
2021-11-23 00:00:00+05:30,111.82370278262088,114.67175799222991,109.22547711112124,112.8230209350586,61529,0.0,0.0,0.007585882946763434,2.6486417505609725,118.8988712310791,125.54485089781036,112.25289156434783,117.91954096972329,118.79394347217644,118.35674222094985,125.78989901993464,127.11326599121094
2021-11-24 00:00:00+05:30,112.82301898246487,117.1200823890637,112.82301898246487,116.42056274414062,52554,0.0,0.0,0.03188659352733336,2.733097913460635,118.81392936706543,125.54140098183944,112.08645775229141,117.91954096972329,118.768957773218,118.34424937147065,125.59019681859665,150.7471466064453
2021-11-25 00:00:00+05:30,116.42056035191474,117.02014969584154,114.37195516729004,115.3213119506836,52735,0.0,0.0,-0.009442067342286142,2.707291818908678,118.66653022766113,125.56416934443958,111.76889111088268,117.91954096972329,117.91954096972329,117.91954096972329,125.59019681859665,169.98402404785156
2021-11-26 00:00:00+05:30,114.9215828971218,115.82097072289424,107.42669705600515,111.3740005493164,88348,0.0,0.0,-0.034228811089620836,2.6146244386747766,118.33175849914551,125.93470401081487,110.72881298747615,117.02015094216524,117.02015094216524,117.02015094216524,125.59019681859665,169.98402404785156
2021-11-29 00:00:00+05:30,111.82370275298705,111.82370275298705,90.23843219089068,105.67789459228516,63666,0.0,0.0,-0.05114394678234635,2.4809022255273714,117.93452987670898,127.15718133661501,108.71187841680295,107.37673365687257,108.42601850960801,107.9013760832403,125.59019681859665,166.1865997314453
2021-11-30 00:00:00+05:30,106.22751585083972,108.7258110719395,102.18027454298128,103.87911224365234,60199,0.0,0.0,-0.017021368144896076,2.438673875415178,117.33743705749512,128.4124491931195,106.26242492187075,107.07694131291484,108.42601850960801,107.75147991126143,125.59019681859665,175.5302276611328
2021-12-01 00:00:00+05:30,101.9304460907884,106.0776177261834,97.73331312496218,99.63201141357422,59847,0.0,0.0,-0.040885032017951684,2.3389686159374863,116.43305358886718,129.9497720677309,102.91633511000347,105.52799812724913,108.42601850960801,106.97700831842857,125.59019681859665,177.9285888671875
2021-12-02 00:00:00+05:30,99.38218355990176,101.58068798902816,98.63269497310252,100.08171081542967,72744,0.0,0.0,0.004513603564508362,2.3495257930196547,115.50368766784668,130.74366084443523,100.26371449125813,103.67925728997719,108.42601850960801,106.0526378997926,125.59019681859665,180.4268951416016
2021-12-03 00:00:00+05:30,101.43079018419894,102.92976737903932,98.98246381563656,101.38082122802734,69522,0.0,0.0,0.012980497655495471,2.3800238070674724,114.55683364868165,130.81331208940185,98.30035520796143,103.67925728997719,108.42601850960801,106.0526378997926,124.56669703307439,180.8765869140625
2021-12-06 00:00:00+05:30,102.87979587723704,121.61701034911304,99.9817794716072,121.16732025146484,780904,0.0,0.0,0.1951700408791659,2.844533150786219,114.48937950134277,130.62258786729245,98.35617113539308,105.92772127000185,108.42601850960801,107.17686988980493,124.56669703307439,180.77664184570312
2021-12-07 00:00:00+05:30,126.91340081301172,126.91340081301172,112.9229471800813,114.47189331054688,342397,0.0,0.0,-0.05525769594493468,2.687350802834787,114.13462142944336,129.9347218734942,98.33452098539252,108.5759165019512,108.5759165019512,108.5759165019512,122.93754404845261,181.3762359619141
2021-12-08 00:00:00+05:30,116.92021647473028,119.9181707433131,112.92294411661985,114.32199096679688,98628,0.0,0.0,-0.0013095122253576896,2.68383168410465,113.82483291625977,129.34978349783353,98.299882334686,108.5759165019512,108.5759165019512,108.5759165019512,122.93754404845261,181.5760955810547
2021-12-09 00:00:00+05:30,115.62110086495092,119.21865211635864,113.02287533552804,114.12212371826172,75332,0.0,0.0,-0.0017482834828620453,2.6791395855005478,113.40511894226074,128.40696976614424,98.40326811837724,108.5759165019512,108.5759165019512,108.5759165019512,122.93754404845261,184.6240234375
2021-12-10 00:00:00+05:30,114.72172282535172,116.82028934519026,112.4232881076953,112.87297821044922,74269,0.0,0.0,-0.010945691046692407,2.649814551326695,112.98790321350097,127.55050081513413,98.42530561186781,112.32335696898696,108.5759165019512,110.44963673546908,122.93754404845261,184.7239685058593
2021-12-13 00:00:00+05:30,113.47257470558274,118.66902584006009,109.825062070713,112.97291564941406,91363,0.0,0.0,0.0008853973780909019,2.6521606901828667,112.51822395324707,126.42480654292513,98.61164136356902,112.32335696898696,108.5759165019512,110.44963673546908,122.93754404845261,184.52407836914065
2021-12-14 00:00:00+05:30,113.57250277276977,114.32199134237774,110.1248507780578,111.02423858642578,61316,0.0,0.0,-0.017249064094579603,2.606413400448778,111.89115142822266,124.83633243201153,98.94597042443378,112.77304789305711,108.5759165019512,110.67448219750415,122.93754404845261,191.51931762695312
2021-12-15 00:00:00+05:30,111.02423950399204,111.92362731979308,108.02628520078328,109.22547149658205,59342,0.0,0.0,-0.016201571051023267,2.564185408553068,111.2615810394287,123.40620641822656,99.11695566063085,112.94793231432413,108.5759165019512,110.76192440813767,122.93754404845261,191.11959838867188
2021-12-16 00:00:00+05:30,108.92567759754787,110.27475556589005,104.9284050251608,105.87775421142578,58668,0.0,0.0,-0.030649602508340035,2.485594145023231,110.55206489562988,122.19835754292514,98.90577224833463,113.44759014230945,108.5759165019512,111.01175332213032,122.93754404845261,193.36805725097656
2021-12-17 00:00:00+05:30,105.87775302743614,106.42738104967005,104.0290160082193,105.32813262939452,58136,0.0,0.0,-0.005191095958965386,2.472691187301373,109.99744338989258,121.52769180330696,98.4671949764782,115.4712084106155,108.5759165019512,112.02356245628334,122.93754404845261,196.2660675048828
2021-12-20 00:00:00+05:30,104.92840141392077,104.92840141392077,99.93181087040072,101.03105926513672,24469,0.0,0.0,-0.040797014596066106,2.3718127688414747,109.45031623840332,121.58298991041846,97.31764256638817,109.92499080685691,108.5759165019512,109.25045365440405,122.93754404845261,197.21543884277344
2021-12-21 00:00:00+05:30,100.93112951337464,117.91953745126936,100.93112951337464,107.32676696777344,129946,0.0,0.0,0.06231457680865082,2.5196112778011854,109.17550354003906,121.23818184862552,97.1128252314526,109.57523149337968,108.5759165019512,109.07557399766543,122.93754404845261,197.9149627685547
2021-12-22 00:00:00+05:30,111.92363021415574,123.66561820537297,109.97496291635404,118.2193374633789,689646,0.0,0.0,0.10148978491894889,2.7753260844645857,109.26544227600098,121.56989916683993,96.96098538516203,111.79871453788684,108.5759165019512,110.18731551991903,122.93754404845261,198.0648498535156
2021-12-23 00:00:00+05:30,114.02219998623066,116.6204256649748,108.92567891942628,110.37468719482422,128945,0.0,0.0,-0.0663567436332888,2.59116448297899,109.018111038208,121.01753024243509,97.01869183398092,111.79871453788684,108.5759165019512,110.18731551991903,122.93754404845261,198.8143310546875
2021-12-24 00:00:00+05:30,111.77372710797968,112.32335510846605,108.42601302334164,109.42533111572266,71008,0.0,0.0,-0.008601211955652777,2.5688773280489285,108.92067756652833,120.87304160021998,96.96831353283667,111.79871453788684,108.5759165019512,110.18731551991903,122.93754404845261,198.76437377929688
2021-12-27 00:00:00+05:30,109.92499510339992,119.91817647643626,109.42533603474809,115.5711441040039,303533,0.0,0.0,0.056164444974644345,2.713156897386744,109.41534004211425,121.60902504140023,97.22165504282827,111.79871453788684,108.5759165019512,110.18731551991903,122.93754404845261,198.61447143554688
2021-12-28 00:00:00+05:30,115.87093148361434,116.77031930495954,103.67925362508804,106.67720794677734,383890,0.0,0.0,-0.07695637372268982,2.5043621812231565,109.55524482727051,121.55214532300869,97.55834433153234,111.79871453788684,108.5759165019512,110.18731551991903,122.93754404845261,198.164779663086
2021-12-29 00:00:00+05:30,108.2261590019424,128.01266147779535,105.028336338348,127.11326599121094,2687070,0.0,0.0,0.19156911244461328,2.9841206215199323,110.92930755615234,124.29765980043948,97.5609553118652,113.97223617409804,109.12554683434301,111.54889150422053,122.48785579114579,197.9649200439453
2021-12-30 00:00:00+05:30,129.91135741413254,151.89635636113957,122.91613047644849,150.7471466064453,4436058,0.0,0.0,0.18592772698381066,3.5389513857246495,113.46257934570312,134.66478767931133,92.26037101209491,125.91408361577015,121.06739427601512,123.49073894589264,122.48785579114579,201.5124969482422
2021-12-31 00:00:00+05:30,142.90249598257,177.7287397392146,142.90249598257,169.98402404785156,5850496,0.0,0.0,0.12761022596087912,3.990557771721538,116.89273948669434,148.80465642012214,84.98082255326653,139.32993462629463,133.98358596505264,136.65676029567362,122.48785579114579,203.011474609375
2022-01-03 00:00:00+05:30,164.98743327923023,184.62402890055807,162.98879697178168,169.98402404785156,3067128,0.0,0.0,0.0,3.990557771721538,119.33357467651368,158.83664764128412,79.83050171174324,144.15164126282306,137.43123054572436,140.79143590427373,121.58846576358775,207.4584503173828
2022-01-04 00:00:00+05:30,171.73281812438017,178.57813782243414,164.13799461804263,166.1865997314453,525965,0.0,0.0,-0.02233988951418897,3.901409152001291,121.9193099975586,166.33242163206924,77.50619836304796,144.15164126282306,141.17867101276013,142.6651561377916,112.99433333103052,210.80615234375
2022-01-05 00:00:00+05:30,166.7861938131154,179.37760865361446,162.4391689919891,175.5302276611328,675384,0.0,0.0,0.0562237144558384,4.120760866138806,124.97972183227539,175.02069075491482,74.93875290963594,144.15164126282306,141.17867101276013,142.6651561377916,112.99433333103052,195.5165863037109
2022-01-06 00:00:00+05:30,173.78140964715084,179.87725609183894,170.883393287247,177.9285888671875,419048,0.0,0.0,0.013663522448593923,4.177064974738581,128.17004508972167,182.99667639052598,73.34341378891735,144.15164126282306,141.6283619368303,142.8900015998267,112.54820414790231,189.92041015625
2022-01-07 00:00:00+05:30,177.17911115213184,181.5761049154445,175.5801960118082,180.4268951416016,426394,0.0,0.0,0.014041061587235504,4.23571540130277,131.5477409362793,190.40899177824326,72.68649009431532,144.15164126282306,141.8032463580973,142.9774438104602,112.54820414790231,198.66444396972656
2022-01-10 00:00:00+05:30,180.9765248293911,181.6760444915365,177.87863243482388,180.8765869140625,374025,0.0,0.0,0.002492376605538693,4.246272399276696,134.94292449951172,196.91281618746177,72.97303281156167,144.82618261945305,142.2779198854794,143.55205125246624,112.54820414790231,206.4091644287109
2022-01-11 00:00:00+05:30,181.3762388171798,181.775959965908,175.87998915605314,180.77664184570312,283149,0.0,0.0,-0.00055255945539745,4.243926081312283,138.4305446624756,202.46298155056326,74.39810777438794,153.77007968850327,142.2779198854794,148.02399978699134,112.54820414790231,196.1661529541016
2022-01-12 00:00:00+05:30,181.3762359619141,181.7260033978334,178.37828164849398,181.3762359619141,224031,0.0,0.0,0.003316767642595808,4.2580021980163485,142.0380828857422,207.21457873460668,76.86158703687772,163.76326244156405,142.2779198854794,153.02059116352171,112.54820414790231,190.96969604492188
2022-01-13 00:00:00+05:30,179.87725786203453,181.8259251058631,177.8786216635675,181.5760955810547,214804,0.0,0.0,0.001101906311379075,4.262694117512209,145.82299995422363,210.95166294737533,80.69433696107193,173.5315989462736,142.2779198854794,157.9047594158765,112.54820414790231,185.0737152099609
2022-01-14 00:00:00+05:30,181.5761001091526,186.9224581727317,177.87862609945873,184.6240234375,266891,0.0,0.0,0.016785953275907595,4.334247501798255,149.7877944946289,214.21619628573558,85.35939270352226,174.6808135823604,143.42713452156622,159.0539740519633,112.54820414790231,191.11959838867188
2022-01-17 00:00:00+05:30,184.87386013093587,184.9238290887564,182.62539426447853,184.7239685058593,225730,0.0,0.0,0.0005413437888439621,4.3365938197626654,153.97243995666503,215.9912918966466,91.95358801668345,174.6808135823604,143.42713452156622,159.0539740519633,112.54820414790231,185.2735748291016
2022-01-18 00:00:00+05:30,184.873845798383,189.9204051793129,182.87520962758967,184.52407836914065,270063,0.0,0.0,-0.0010821017886062378,4.331901183833842,157.8323055267334,217.28722853170265,98.37738252176413,180.40189923327995,144.9261080248568,162.66400362906836,112.54820414790231,166.086669921875
2022-01-19 00:00:00+05:30,186.372835246315,192.7684653162716,184.6240284812692,191.51931762695312,222301,0.0,0.0,0.03790962848663293,4.496121948353788,161.4973045349121,219.74458147464756,103.25002759517665,184.1743306640399,146.35013809333617,165.26223437868805,112.54820414790231,188.82115173339844
2022-01-20 00:00:00+05:30,189.87045068678515,192.86840517131333,188.87113252527573,191.11959838867188,244016,0.0,0.0,-0.002087096190786508,4.486738109362067,165.5345500946045,220.08567074556856,110.98342944364043,184.37419716368322,146.40010802085703,165.38715259227013,112.54820414790231,163.08871459960938
2022-01-21 00:00:00+05:30,191.8191111070412,193.6178867823086,186.9724273482309,193.36805725097656,221321,0.0,0.0,0.011764669250361681,4.539523099231705,169.7316864013672,218.9727737917696,120.49059901096477,184.74893796918087,146.77484882635466,165.76189339776778,112.54820414790231,160.39056396484375
2022-01-24 00:00:00+05:30,192.86839208562947,197.8649825541691,181.9258620092045,196.2660675048828,320422,0.0,0.0,0.014987016444731882,4.60755700657113,173.76643257141114,217.4484192250731,130.08444591774918,187.87180210886828,148.89839671228492,168.3850994105766,112.54820414790231,160.14073181152344
2022-01-25 00:00:00+05:30,196.26607442158672,198.66444708003831,190.0703050719264,197.21543884277344,284060,0.0,0.0,0.004837164925959536,4.629844519717675,178.29334411621093,210.33042248580563,146.25626574661624,188.2715343718029,149.79778829670647,169.03466133425468,112.54820414790231,154.0448760986328
2022-01-27 00:00:00+05:30,195.3666984349437,198.1148233489902,193.1182325961784,197.9149627685547,157359,0.0,0.0,0.0035470038749803035,4.646266596169671,181.83342895507812,204.72286254620502,158.94399536395122,188.2715365897485,151.17185035256318,169.72169347115585,112.54820414790231,144.9510955810547
2022-01-28 00:00:00+05:30,197.8649892776596,198.514539961288,195.316725002437,198.0648498535156,211305,0.0,0.0,0.0007573307387385153,4.649785356683324,184.19931411743164,203.15117023440052,165.24745800046276,190.29515454462143,151.17185035256318,170.7335024485923,109.7750937855986,162.4891357421875
2022-01-31 00:00:00+05:30,198.36464096364065,199.3639590541376,195.9662836458016,198.8143310546875,244636,0.0,0.0,0.003784019232722091,4.667380233901044,185.64082946777344,204.43178667859206,166.84987225695482,190.64491053167106,151.52160633961282,171.08325843564194,109.7750937855986,167.2858428955078
2022-02-01 00:00:00+05:30,196.4659542348127,201.362607066607,196.4659542348127,198.76437377929688,218590,0.0,0.0,-0.00025127602786789716,4.6662074331353205,187.0798469543457,205.24533761708759,168.9143562916038,191.64423453790576,152.52093034584752,172.08258244187664,109.7750937855986,168.78482055664062
2022-02-02 00:00:00+05:30,198.76436305048423,201.0627977192894,194.8670285782724,198.61447143554688,274281,0.0,0.0,-0.0007541710865974771,4.662688314405184,188.70124053955078,204.7634246381654,172.63905644093617,191.64423453790576,152.52093034584752,172.08258244187664,109.7750937855986,169.23452758789062
2022-02-03 00:00:00+05:30,198.61446975247136,206.35918492520923,198.11481070906893,198.164779663086,312098,0.0,0.0,-0.0022641440435361426,4.652131316431258,189.83296813964844,205.1902891011489,174.475647178148,194.14252346720687,155.69376063177862,174.91814204949276,109.7750937855986,175.58018493652344
2022-02-04 00:00:00+05:30,200.8129674559553,202.761634684885,197.86498213543243,197.9649200439453,275369,0.0,0.0,-0.001008552677627561,4.647439396935396,190.83478469848632,205.54893432478076,176.12063507219187,194.14252346720687,164.63765770082887,179.39009058401786,109.30042101206115,170.98333740234375
2022-02-07 00:00:00+05:30,199.46390695876465,214.8534002243152,198.41461986148056,201.5124969482422,444559,0.0,0.0,0.01792023002615495,4.7307225799610935,191.88906478881836,206.4891275424808,177.28900203515593,202.4618526481208,178.8779481034426,190.6699003757817,121.06739427601512,177.42893981933594
2022-02-08 00:00:00+05:30,203.61107159440567,214.6035711651466,201.86226484451507,203.011474609375,682829,0.0,0.0,0.007438633751423396,4.765912692613012,192.99580917358398,207.44228475969106,178.5493335874769,203.9858164102468,188.64628460815214,196.31605050919947,133.98358596505264,173.7814178466797
2022-02-09 00:00:00+05:30,204.3605580086076,214.35373932932183,204.0607595193092,207.4584503173828,368687,0.0,0.0,0.021905046089460978,4.870310229803048,194.32989959716798,208.94518546284817,179.7146137314878,204.8602144012938,188.64628460815214,196.753249504723,137.43123054572436,172.03260803222656
2022-02-10 00:00:00+05:30,209.7568652781305,213.6042461026072,203.61106499839164,210.80615234375,319930,0.0,0.0,0.0161367349522068,4.948901135116401,195.80139541625977,210.82841927514804,180.7743715573715,204.8602144012938,188.64628460815214,196.753249504723,137.43123054572436,170.98333740234375
2022-02-11 00:00:00+05:30,207.85817132551736,209.70691596791065,189.87044496080912,195.5165863037109,520411,0.0,0.0,-0.07252903138760025,4.589962129353413,196.49841995239257,210.02425848993548,182.97258141484966,202.36192259256217,192.8683967557811,197.61515967417165,137.43123054572436,179.4775390625
2022-02-14 00:00:00+05:30,194.5672332757627,194.5672332757627,189.87044120099392,189.92041015625,247523,0.0,0.0,-0.028622513584438014,4.458585875953939,196.76323928833008,209.52664496732228,183.99983360933788,202.36192071265458,195.21679811806172,198.78935941535815,137.43123054572436,169.8840789794922
2022-02-15 00:00:00+05:30,190.02033314082465,206.8588494489452,190.02033314082465,198.66444396972656,560794,0.0,0.0,0.046040516689505484,4.6638614733873895,197.46026306152345,208.96524249259744,185.95528363044946,202.36192071265458,195.36669469018418,198.86430770141936,137.43123054572436,168.68490600585938
2022-02-16 00:00:00+05:30,200.61311617933225,206.85885454107984,194.56723839548368,206.4091644287109,335156,0.0,0.0,0.03898392839820164,4.845677115125055,198.55451736450195,209.03683976576667,188.07219496323722,202.36192071265458,195.36669469018418,198.86430770141936,137.43123054572436,169.23452758789062
2022-02-17 00:00:00+05:30,204.86021767909853,207.85817208415853,191.11959332257368,196.1661529541016,239182,0.0,0.0,-0.049624790173243616,4.605211405039685,198.78685913085937,208.82712613923894,188.7465921224798,202.36192071265458,196.36601094394135,199.36396582829798,137.43123054572436,180.4268951416016
2022-02-18 00:00:00+05:30,196.16614714342376,200.113450610152,189.87044002960727,190.96969604492188,289071,0.0,0.0,-0.026490079103481112,4.48321899063193,198.77936401367188,208.84296410594138,188.71576392140238,202.23700559737694,196.36601094394135,199.30150827065916,137.43123054572436,186.1729736328125
2022-02-21 00:00:00+05:30,189.8704452987645,190.81979447558143,184.8738546330076,185.0737152099609,204662,0.0,0.0,-0.03087390804441581,4.344804499772182,198.3646469116211,209.88160122147247,186.84769260176972,199.6137969811647,196.36601316188697,197.98990507152584,137.43123054572436,181.7260131835937
2022-02-22 00:00:00+05:30,181.8259364369575,194.7671035788272,175.87999642565362,191.11959838867188,255130,0.0,0.0,0.0326674329299117,4.486738109362068,198.10732345581056,210.02768832683736,186.18695858478375,194.7421212641304,195.3666983249844,195.0544097945574,138.58044518181117,181.07644653320312
2022-02-23 00:00:00+05:30,192.81842974506668,197.7650514289165,184.87385367726128,185.2735748291016,251178,0.0,0.0,-0.0305882997288508,4.349496419268044,197.51023025512694,210.69333348036136,184.32712702989252,192.79345619678213,195.3666983249844,194.0800772608833,138.58044518181117,187.721908569336
2022-02-24 00:00:00+05:30,180.9765191868872,180.9765191868872,165.38715028153936,166.086669921875,165327,0.0,0.0,-0.10355985695706904,3.899063192253361,195.91881561279297,214.97582980242893,176.861801423157,186.62266118284896,190.12027525292729,188.37146821788812,140.07941868510179,184.7239685058593
2022-02-25 00:00:00+05:30,167.88544061157262,197.665123007826,167.88544061157262,188.82115173339844,415863,0.0,0.0,0.1368832418773731,4.43277960229374,195.4566307067871,214.7325344551677,176.18072695840652,186.62266118284896,190.12027525292729,188.37146821788812,141.50344875358115,182.0757598876953
2022-02-28 00:00:00+05:30,187.8718070959916,190.8697614645446,160.59041929248184,163.08871459960938,477173,0.0,0.0,-0.13627942048633068,3.828682966949522,193.67034988403321,217.50747012082604,169.8332296472404,184.22429568832018,187.7219097583985,185.97310272335935,141.55341868110202,175.58018493652344
2022-03-02 00:00:00+05:30,162.73896772972657,169.53431898871918,159.89090488707163,160.39056396484375,233235,0.0,0.0,-0.016544067082690073,3.765340979105956,191.75165939331055,219.53670467334936,163.96661411327173,183.87453848561506,187.37215255569342,185.62334552065425,141.92815948659964,172.73214721679688
2022-03-03 00:00:00+05:30,162.63902715959713,165.33718308583977,158.49186298114867,160.14073181152344,200626,0.0,0.0,-0.0015576486991782934,3.759475900627889,189.82797241210938,220.64289789270072,159.01304693151803,179.30265679565034,186.67263160273194,182.98764419919115,144.0517073725299,168.73487854003906
2022-03-04 00:00:00+05:30,159.79095506482432,159.79095506482432,151.89634832367125,154.0448760986328,205384,0.0,0.0,-0.03806561668561059,3.616369132055797,187.62197723388672,221.89613215022808,153.34782231754536,174.83069987629386,183.3748742739932,179.10278707514354,144.4514396354645,165.53704833984375
2022-03-07 00:00:00+05:30,153.69512908432637,153.69512908432637,141.0537457848516,144.9510955810547,157739,0.0,0.0,-0.059033320340726614,3.4028828546128316,184.97128601074218,223.60835736677382,146.33421465471054,169.40939860688405,177.9535730045834,173.68148580573373,144.4514396354645,166.88612365722656
2022-03-08 00:00:00+05:30,143.80187431641338,172.88203830387585,143.80187431641338,162.4891357421875,329598,0.0,0.0,0.12099280858022743,3.81460720846194,183.02011795043944,222.06244150574832,143.97779439513056,169.40939860688405,177.9535730045834,173.68148580573373,144.4514396354645,162.93882751464844
2022-03-09 00:00:00+05:30,159.7909571878527,171.58291375090684,157.2926619519677,167.2858428955078,300536,0.0,0.0,0.02952017149584063,3.927215067445006,181.23383636474608,219.7130479107979,142.75462481869425,169.3594343963388,177.9535730045834,173.6565037004611,144.80119562251414,160.9901580810547
2022-03-10 00:00:00+05:30,166.58632379197056,177.428931248444,164.58768759710978,168.78482055664062,263635,0.0,0.0,0.008960576909482487,3.9624051800969253,179.30015487670897,216.14866321482984,142.4516465385881,169.3594343963388,177.9535730045834,173.6565037004611,145.80051962874884,177.87863159179688
2022-03-11 00:00:00+05:30,167.3358140347962,171.7827765630585,165.93677478378703,169.23452758789062,120945,0.0,0.0,0.002664380776463693,3.9729625362873358,177.22157363891603,211.2822205457322,143.16092673209985,165.9617536246981,177.9535730045834,171.95766331464074,145.80051962874884,175.6801300048828
2022-03-14 00:00:00+05:30,172.58223067381084,178.87793767518403,169.8840748870463,175.58018493652344,232719,0.0,0.0,0.0374962334168909,4.121933666904528,176.22475357055663,209.2244498500063,143.22505729110696,159.96584173001781,177.9535730045834,168.9597073673006,148.29880855804996,169.8341064453125
2022-03-15 00:00:00+05:30,178.87794449582233,181.3762398100098,164.88749073637254,170.98333740234375,187265,0.0,0.0,-0.026180901539895052,4.014017727417322,175.27789993286132,207.7276198679408,142.82817999778183,161.21499279743068,177.9535730045834,169.58428290100704,148.29880855804996,164.33786010742188
2022-03-16 00:00:00+05:30,174.6808149186513,179.87726622663257,174.6808149186513,177.42893981933594,204969,0.0,0.0,0.03769725468526164,4.165335175998928,174.21612472534179,204.85559987841998,143.5766495722636,161.21499279743068,177.8286584749991,169.52182563621488,152.54591620760294,165.38714599609375
2022-03-17 00:00:00+05:30,180.3769236472631,180.4268926037676,171.48299833132256,173.7814178466797,176997,0.0,0.0,-0.020557649594086902,4.079705675008817,172.58473739624023,199.3896975885037,145.77977720397675,161.21499279743068,177.7037425570867,169.45936767725868,152.54591620760294,163.88816833496094
2022-03-21 00:00:00+05:30,171.18319678037514,176.87930700720136,169.88408017640808,172.03260803222656,198843,0.0,0.0,-0.010063272794770484,4.038650483878831,171.3780601501465,195.87796476016635,146.87815554012664,162.58905706321158,177.3289959437294,169.9590265034705,152.54591620760294,162.0894012451172
2022-03-22 00:00:00+05:30,170.0339729842449,175.87999011879737,168.385104176235,170.98333740234375,179249,0.0,0.0,-0.006099254332563864,4.014017727417322,170.37874221801758,193.15222950618724,147.60525492984792,169.33445088098875,175.38033087638112,172.35739087868495,156.2933566746387,162.3392333984375
2022-03-23 00:00:00+05:30,177.5788255001622,189.17092170181263,174.93063860200846,179.4775390625,413257,0.0,0.0,0.04967853469936889,4.213428246372705,170.09893341064452,192.26631395235395,147.93155286893509,176.8793046494612,174.45595893450508,175.66763179198313,156.2933566746387,162.4891357421875
2022-03-24 00:00:00+05:30,179.67739952328094,179.67739952328094,166.08666710556787,169.8840789794922,205473,0.0,0.0,-0.05345214857034031,3.9882114537571227,169.03715744018555,188.97461273342674,149.09970214694437,177.0292062190926,174.45595893450508,175.74258257679884,156.74304759870887,156.54318237304688
2022-03-25 00:00:00+05:30,171.18320136954694,174.8806754581275,166.88613029432742,168.68490600585938,185471,0.0,0.0,-0.007058771962836885,3.960059578565477,168.20772399902344,186.6859220986885,149.72952589935838,177.0292062190926,174.45595893450508,175.74258257679884,156.9179320199759,152.69581604003906
2022-03-28 00:00:00+05:30,170.58359788385286,170.58359788385286,164.18796809583344,169.23452758789062,191781,0.0,0.0,0.0032582736360071696,3.9729625362873344,168.36511688232423,186.82174657081904,149.90848719382942,176.67944489882302,174.45595893450508,175.56770191666405,157.39260554735796,147.5992889404297
2022-03-29 00:00:00+05:30,174.2810793663433,189.87044861515187,170.03397722626758,180.4268951416016,561906,0.0,0.0,0.06613524859989517,4.235715401302767,167.94540405273438,184.81978142473093,151.07102668073782,177.02920835549264,170.5835981975018,173.80640327649724,157.39260554735796,143.15232849121094
2022-03-30 00:00:00+05:30,183.17501919508084,189.6206181865269,181.42621243973736,186.1729736328125,208270,0.0,0.0,0.031847128371306876,4.370610773432378,169.09961700439453,187.58649378275283,150.61274022603624,177.02920835549264,169.40939860688405,173.21930348118835,157.39260554735796,135.10780334472656
2022-03-31 00:00:00+05:30,185.87317744112508,185.87317744112508,177.47891101087987,181.7260131835937,202384,0.0,0.0,-0.023886176185752506,4.266213594458824,170.16638946533203,188.9829091773216,151.34986975334246,177.02920835549264,169.40939860688405,173.21930348118835,157.39260554735796,130.21115112304688
2022-04-01 00:00:00+05:30,181.72601248261407,183.5747419192804,178.87794964313213,181.07644653320312,135955,0.0,0.0,-0.003574428553243636,4.250964318772554,171.21317520141602,190.01142075340982,152.41492964942222,177.02920835549264,169.40939860688405,173.21930348118835,157.39260554735796,127.3131332397461
2022-04-04 00:00:00+05:30,183.77458993061592,189.6206068335329,181.3762326233793,187.721908569336,208863,0.0,0.0,0.03669975948481152,4.406973686850022,172.89702682495118,191.26595100453505,154.5281026453673,177.02920835549264,169.3594343963388,173.1943213759157,157.39260554735796,136.2570343017578
2022-04-05 00:00:00+05:30,189.3707918638505,193.5679250982272,181.8759056423261,184.7239685058593,232504,0.0,0.0,-0.015970112845775764,4.336593819762663,174.88567047119142,188.73493087967307,161.03641006270976,178.8779465970303,169.3594343963388,174.11869049668456,157.39260554735796,132.60951232910156
2022-04-06 00:00:00+05:30,183.87453556792804,185.723280204242,176.82933971524085,182.0757598876953,200205,0.0,0.0,-0.014336031428861307,4.274424274468339,175.8650016784668,188.79964680737297,162.93035654956063,178.8779465970303,167.31083544153938,173.09439101928484,157.39260554735796,141.4035186767578
2022-04-07 00:00:00+05:30,181.72600032411447,185.4734431525053,174.8806653249006,175.58018493652344,179864,0.0,0.0,-0.03567512202161538,4.121933666904527,176.27971878051758,188.5981769317561,163.96126062927908,178.8779465970303,167.31083544153938,173.09439101928484,157.39260554735796,142.40283203125
2022-04-08 00:00:00+05:30,177.77869164315754,179.57746735127475,171.43303058046862,172.73214721679688,167005,0.0,0.0,-0.016220724000012843,4.055072918547308,176.4770851135254,188.42588460228745,164.52828562476333,181.80095116224737,167.31083544153938,174.55589330189338,157.39260554735796,136.15708923339844
2022-04-11 00:00:00+05:30,173.88136099898844,174.8307102076392,166.38647474903203,168.73487854003906,108196,0.0,0.0,-0.023141428744823167,3.961232737547683,176.4521026611328,188.46397607383685,164.44022924842878,179.9771999236296,167.31083544153938,173.6440176825845,157.39260554735796,138.85525512695312
2022-04-12 00:00:00+05:30,168.38511121644933,172.2824459701763,163.73828783712986,165.53704833984375,159042,0.0,0.0,-0.0189518031355711,3.8861602345315,175.94994583129883,188.88053881420564,163.01935284839203,178.65310646767853,167.31083544153938,172.98197095460895,157.89226486884493,139.05511474609375
2022-04-13 00:00:00+05:30,165.28720858870187,169.23452730505022,165.28720858870187,166.88612365722656,114334,0.0,0.0,0.00814968812669159,3.917831228453282,175.74508514404297,189.11121859857641,162.37895168950953,178.65310646767853,168.68489970732028,173.6690030874994,159.26632692470162,135.05783081054688
2022-04-18 00:00:00+05:30,168.78482954697344,169.18456595626802,160.09076468591596,162.93882751464844,118238,0.0,0.0,-0.023652632442261123,3.8251642064358644,175.02057952880858,189.48144894714136,160.5597101104758,176.82934489207156,175.43029352509745,176.1298192085845,159.26632692470162,128.71217346191406
2022-04-19 00:00:00+05:30,163.7882366678762,163.7882366678762,158.6417543581316,160.9901580810547,155061,0.0,0.0,-0.011959515502335094,3.7794170958100173,174.38101654052736,190.09577877647874,158.66625430457597,176.1048397281794,176.1048397281794,176.1048397281794,159.26632692470162,131.66015625
2022-04-20 00:00:00+05:30,160.89022295662528,189.77051153706304,160.89022295662528,177.87863159179688,1418409,0.0,0.0,0.10490376375827415,4.175892173972854,174.67331771850587,190.4202735534324,158.92636188357935,174.20613294759733,176.1048397281794,175.15548633788836,159.26632692470162,137.30630493164062
2022-04-21 00:00:00+05:30,180.52681377810893,182.7752795667848,171.88271806766448,175.6801300048828,187490,0.0,0.0,-0.01235955981469028,4.12427998486894,174.9081573486328,190.56687873213062,159.249435965135,174.20613294759733,176.1048397281794,175.15548633788836,159.26632692470162,134.15846252441406
2022-04-22 00:00:00+05:30,172.38237062598208,175.0305574666798,167.88543921834776,169.8341064453125,143949,0.0,0.0,-0.03327652113763713,3.987038294774915,174.42598571777344,190.08610771980386,158.76586371574302,174.20613294759733,176.1048397281794,175.15548633788836,159.9408682813316,135.15777587890625
2022-04-25 00:00:00+05:30,169.73418704938848,169.73418704938848,162.1393633155322,164.33786010742188,129624,0.0,0.0,-0.032362441519721785,3.85800800112337,174.14867477416993,190.3145146035317,157.98283494480816,174.20613294759733,176.1048397281794,175.15548633788836,168.88476535038185,137.60610961914062
2022-04-26 00:00:00+05:30,164.88748694474606,169.23452679082482,163.98810675167385,165.38714599609375,161204,0.0,0.0,0.006384930946441658,3.8826411158013623,173.98378677368163,190.43703781577256,157.5305357315907,174.20613294759733,176.1048397281794,175.15548633788836,177.9535730045834,143.20228576660156
2022-04-27 00:00:00+05:30,162.98878814467147,169.88407693258145,161.48981099526637,163.88816833496094,230585,0.0,0.0,-0.00906344717483798,3.8474510031494424,173.71646881103516,190.64181917014983,156.79111845192048,174.20613294759733,176.1048397281794,175.15548633788836,177.9535730045834,141.30357360839844
2022-04-28 00:00:00+05:30,164.58769662573977,165.83684431605107,160.79028459751643,162.0894012451172,181692,0.0,0.0,-0.010975576261047504,3.805223011253732,172.79959411621093,190.15750908753313,155.44167914488872,174.20613294759733,176.1048397281794,175.15548633788836,177.9535730045834,138.0557861328125
2022-04-29 00:00:00+05:30,162.18934177253936,166.13664548783652,161.14005464609707,162.3392333984375,281989,0.0,0.0,0.0015413231920236026,3.811088089731799,171.6079071044922,188.38637295982068,154.82944124916372,174.20613294759733,176.1048397281794,175.15548633788836,177.9535730045834,135.7573699951172
2022-05-02 00:00:00+05:30,159.89090247757304,164.18797353133476,159.89090247757304,162.4891357421875,192393,0.0,0.0,0.0009233895011817594,3.8146072084619362,170.64606323242188,187.1956530720084,154.09647339283535,174.83070700731804,176.1048397281794,175.46777336774872,177.9535730045834,133.60882568359375
2022-05-04 00:00:00+05:30,164.5876965443506,164.5876965443506,149.99766067776036,156.54318237304688,222673,0.0,0.0,-0.03659292876401743,3.675019558619981,169.41940002441407,186.33156019802252,152.50723985080563,166.38647012227258,171.78279288799376,169.0846315051332,177.9535730045834,130.61087036132812
2022-05-05 00:00:00+05:30,155.99356897759688,162.6390285613968,150.04761379922505,152.69581604003906,306540,0.0,0.0,-0.02457702900046732,3.584698496350493,167.66809539794923,183.86799625057702,151.46819454532144,162.5141090722201,171.78279288799376,167.14845098010693,177.9535730045834,128.66220092773438
2022-05-06 00:00:00+05:30,149.8977237543399,153.49527522379805,145.4007920417097,147.5992889404297,257280,0.0,0.0,-0.033376992453237775,3.46505204169067,165.81186141967774,182.27755991447464,149.34616292488084,157.64243448714558,169.48435856996844,163.563396528557,177.9535730045834,121.16732025146484
2022-05-09 00:00:00+05:30,146.89977164543112,146.89977164543112,141.90318077313754,143.15232849121094,158206,0.0,0.0,-0.030128603471887505,3.3606548627171176,163.8656898498535,181.3624350043359,146.3689446953711,155.89362885285948,167.73555293568236,161.8145908942709,177.9535730045834,119.36854553222656
2022-05-10 00:00:00+05:30,142.902487532542,146.64993038741636,133.10916715546023,135.10780334472656,128399,0.0,0.0,-0.056195559173026544,3.1718009835191783,161.84207077026366,182.5554537100928,141.12868783043453,151.49662204402085,163.3385461268437,157.41758408543228,177.9535730045834,118.76895904541016
2022-05-11 00:00:00+05:30,133.4089659846117,140.60405323522855,128.062608064901,130.21115112304688,177150,0.0,0.0,-0.036242556687757777,3.0568468065716985,159.71602096557618,183.9870150842484,135.44502684690394,147.09962677636878,160.81526658156412,153.95744667896645,177.9535730045834,117.2200164794922
2022-05-12 00:00:00+05:30,129.41169982009842,130.810739124205,126.01401660114152,127.3131332397461,104011,0.0,0.0,-0.02225629570360077,2.988812720124031,157.64493370056152,185.35013038789174,129.9397370132313,146.07533104448902,159.79097084968436,152.9331509470867,177.9535730045834,112.1234893798828
2022-05-13 00:00:00+05:30,130.7108155826761,139.50481825231017,123.56568936662246,136.2570343017578,201221,0.0,0.0,0.07025120531099693,3.1987804161615836,156.18093299865723,185.14310515743824,127.21876083987623,144.07669295548652,158.56680723242482,151.32175009395567,177.9535730045834,105.82778930664062
2022-05-16 00:00:00+05:30,136.25703263964348,156.89294585130534,127.01333234586797,132.60951232910156,140911,0.0,0.0,-0.026769421419949313,3.1131509151714734,154.46710243225098,184.73420785611768,124.19999700838429,144.07669295548652,156.66810045184275,150.37239670366463,177.9535730045834,110.92430877685548
2022-05-17 00:00:00+05:30,133.70877194685153,143.90181405973942,132.3596863406875,141.4035186767578,156275,0.0,0.0,0.0663150492992679,3.3195996715871305,153.39033699035645,183.9092349805821,122.87143900013078,143.10235896400962,156.66810045184275,149.8852297079262,177.9535730045834,110.07489013671876
2022-05-18 00:00:00+05:30,143.50208806207306,164.5876912348626,133.10917047005998,142.40283203125,160841,0.0,0.0,0.007067103872970604,3.343059627282916,152.46097068786622,183.13085639664718,121.79108497908526,144.07669030074254,156.66810045184275,150.37239537629264,177.9535730045834,128.56227111816406
2022-05-19 00:00:00+05:30,141.80323032060414,141.80323032060414,134.90794162575258,136.15708923339844,144756,0.0,0.0,-0.04385968108050653,3.1964340981971704,150.3748935699463,179.46378740250267,121.28599973738991,144.07669030074254,156.66810045184275,150.37239537629264,177.9535730045834,126.26383972167967
2022-05-20 00:00:00+05:30,137.40624684625146,142.9024967201015,137.40624684625146,138.85525512695312,155534,0.0,0.0,0.019816565620975668,3.259776444257219,148.5336498260498,175.54869191790925,121.51860773419037,144.07669030074254,156.66810045184275,150.37239537629264,177.9535730045834,123.91545104980467
2022-05-23 00:00:00+05:30,136.9065868187304,142.2029760738035,136.9065868187304,139.05511474609375,161440,0.0,0.0,0.0014393378122987688,3.264468363753079,146.99470024108888,172.424314563933,121.56508591824476,144.07669030074254,156.66810045184275,150.37239537629264,177.9535730045834,119.61837768554688
2022-05-24 00:00:00+05:30,141.1536771255895,141.1536771255895,132.50958193548206,135.05783081054688,180899,0.0,0.0,-0.02874604032254169,3.1706278245369712,145.53069877624512,170.14761116012022,120.91378639237001,144.07669030074254,156.66810045184275,150.37239537629264,177.9535730045834,118.56909942626952
2022-05-25 00:00:00+05:30,132.0099262193578,134.20842297485896,126.21387822875728,128.71217346191406,163447,0.0,0.0,-0.04698474209565984,3.0216566939197786,143.69695014953612,167.5688480422401,119.82505225683215,144.07669030074254,156.66810045184275,150.37239537629264,177.9535730045834,117.9695053100586
2022-05-26 00:00:00+05:30,127.26315519954493,135.85728911113918,120.21796735233328,131.66015625,130651,0.0,0.0,0.022903682758167676,3.090863760241411,142.08554954528807,164.58514475485708,119.58595433571907,142.40282929359793,154.99423944469817,148.69853436914804,177.9535730045834,139.50482177734375
2022-05-27 00:00:00+05:30,132.90931125998736,138.6553905061898,129.2118372294992,137.30630493164062,151471,0.0,0.0,0.04288426234979981,3.223413172623092,140.84639472961425,161.43119080829908,120.26159865092943,142.40282929359793,151.49662345955903,146.9497263765785,177.9535730045834,133.70877075195312
2022-05-30 00:00:00+05:30,134.9079511418689,137.7560139875512,132.6594852895044,134.15846252441406,164710,0.0,0.0,-0.022925694554184917,3.149514186805599,139.43735618591307,157.640353692515,121.23435867931116,142.40282929359793,147.62426240950654,145.01354585155224,177.9535730045834,129.76145935058594
2022-05-31 00:00:00+05:30,134.7080857740877,136.90658259083295,131.16050339450237,135.15777587890625,190257,0.0,0.0,0.007448753777349992,3.1729741425013844,138.07078819274903,152.90520794579228,123.23636843970579,131.5602320362174,145.05102214245736,138.30562708933738,177.9535730045834,152.8956756591797
2022-06-01 00:00:00+05:30,133.05920887416133,139.45485434185937,132.10985965778625,137.60610961914062,137538,0.0,0.0,0.018114634724589962,3.230451410083366,137.12393455505372,149.26828713075898,124.97958197934847,131.5602320362174,145.05102214245736,138.30562708933738,177.9535730045834,150.197509765625
2022-06-02 00:00:00+05:30,138.60541643976816,149.54794650767914,135.20774102315843,143.20228576660156,110971,0.0,0.0,0.04066807907693737,3.36182766348284,136.64925804138184,146.89702441755026,126.40149166521341,134.8829569300062,145.05102214245736,139.96698953623178,177.8286584749991,147.34945678710938
2022-06-03 00:00:00+05:30,144.4514347806214,148.24884662018124,139.904534364111,141.30357360839844,80102,0.0,0.0,-0.013258951475800806,3.3172533536227164,136.33447227478027,145.5406015690977,127.12834298046285,134.8829569300062,143.1773064200849,139.03013167504554,177.7037425570867,143.7019500732422
2022-06-06 00:00:00+05:30,141.30356988058332,141.30356988058332,137.15640596355254,138.0557861328125,48563,0.0,0.0,-0.022984468068632746,3.24100804984081,136.07964515686035,144.77969635039221,127.37959396332849,134.8829569300062,143.1773064200849,139.03013167504554,177.3289959437294,139.5547637939453
2022-06-07 00:00:00+05:30,137.80595990157235,139.60473553139178,134.9079435106962,135.7573699951172,56764,0.0,0.0,-0.016648459308211794,3.1870502592054484,136.11212348937988,144.8021558057902,127.42209117296957,134.8829569300062,142.40283194834194,138.64289443917409,175.38033087638112,139.80459594726562
2022-06-08 00:00:00+05:30,136.90657843274542,138.45552452308465,132.65947654705806,133.60882568359375,72623,0.0,0.0,-0.015826354853520797,3.1366108708672575,136.28200721740723,144.62625317446023,127.93776126035422,139.37989186858917,142.40283194834194,140.89136190846557,174.45595893450508,140.25430297851562
2022-06-09 00:00:00+05:30,132.9093050012521,134.70808059981798,129.91135075310356,130.61087036132812,34484,0.0,0.0,-0.02243830306064698,3.0662306455634183,136.44689407348633,144.1770307166788,128.71675743029388,139.72964863039135,142.40282929359793,141.06623896199466,174.45595893450508,140.20433044433594
2022-06-10 00:00:00+05:30,130.610868105701,131.1105271384301,125.96404520067412,128.66220092773438,31186,0.0,0.0,-0.014919657362383876,3.020483534937571,136.06715240478516,144.5180440415282,127.61626076804211,137.75599585417663,142.40282929359793,140.07941257388728,174.45595893450508,140.50413513183594
2022-06-13 00:00:00+05:30,125.8641122960716,125.8641122960716,119.11871508619625,121.16732025146484,49769,0.0,0.0,-0.058252389763479795,2.8445331507862144,135.49504280090332,146.10465363997886,124.88543196182776,134.3333307969377,141.85320316052943,138.09326697873357,174.45595893450508,140.30426025390625
2022-06-14 00:00:00+05:30,121.91680976971298,125.51435345119395,118.11939789114344,119.36854553222656,50056,0.0,0.0,-0.014845378403229414,2.802304979782263,134.39329414367677,146.76984542664513,122.01674286070842,133.8336721994113,141.35354456300303,137.59360838120716,170.5835981975018,140.6040496826172
2022-06-15 00:00:00+05:30,120.61769607383177,121.36718467650478,117.41988108543724,118.76895904541016,23281,0.0,0.0,-0.005022985612692543,2.78822904218644,133.21160049438475,146.77330163687574,119.64989935189377,132.83436385280925,141.00378616014993,136.9190750064796,165.43710929218838,140.10440063476562
2022-06-16 00:00:00+05:30,119.0187844895777,124.81483253407916,116.4205589477706,117.2200164794922,52942,0.0,0.0,-0.013041644705547473,2.7518659496605555,132.26474685668944,147.4386139696044,117.09087974377447,128.86206441417696,140.5041250913166,134.6830947527468,162.91382974690876,140.0044708251953
2022-06-17 00:00:00+05:30,108.97564341904835,115.92090126407238,108.97564341904835,112.1234893798828,39571,0.0,0.0,-0.04347830048719581,2.6322194950007316,130.92815856933595,148.14043143919952,113.71588569947238,124.29018947522007,136.78166732695547,130.53592840108777,161.88953401502903,142.60269165039062
2022-06-20 00:00:00+05:30,115.92090068639334,115.92090068639334,104.9783704385184,105.82778930664062,35245,0.0,0.0,-0.05614969805222414,2.4844211651492625,129.26679229736328,149.24507967914525,109.2885049155813,121.71694748080152,134.7830308366905,128.24998915874602,160.61540618722424,135.6074676513672
2022-06-21 00:00:00+05:30,104.42874114577836,111.92362687394426,104.2288805760374,110.92430877685548,52206,0.0,0.0,0.048158612247369836,2.6040674407008444,128.06011619567872,149.37887007798201,106.74136231337543,119.46848058792769,134.40828590545,126.93838324668883,160.61540618722424,136.20706176757812
2022-06-22 00:00:00+05:30,113.92226329327607,115.77100025170574,108.02628498396108,110.07489013671876,45829,0.0,0.0,-0.007657641949750382,2.5841264246269544,127.12825202941895,149.85034894793813,104.40615511089976,117.66970385723374,134.40828590545,126.03899488134186,158.56680723242482,142.50277709960938
2022-06-23 00:00:00+05:30,109.9749630791199,132.05988456753298,109.9749630791199,128.56227111816406,486747,0.0,0.0,0.16795275433373602,3.018137575189641,126.97335777282714,149.61093393562388,104.33578161003042,118.14438257178519,126.88841354185827,122.51639805682173,158.56680723242482,141.50344848632812
2022-06-24 00:00:00+05:30,128.56226676463177,129.86138333722488,123.41578467704775,126.26383972167967,106474,0.0,0.0,-0.017877961990667157,2.9641794263377963,126.42123451232911,148.55133170349873,104.29113732115948,118.14438257178519,126.88841354185827,122.51639805682173,158.56680723242482,142.70263671875
2022-06-27 00:00:00+05:30,127.11326609173555,130.71081754414837,123.06603214405985,123.91545104980467,77740,0.0,0.0,-0.018599059533208395,2.909048476720228,125.90908393859863,147.7687739880354,104.04939388916185,118.14438257178519,126.88841354185827,122.51639805682173,158.56680723242482,142.95245361328125
2022-06-28 00:00:00+05:30,123.51571993609436,123.61565022473565,118.51912926210842,119.61837768554688,32344,0.0,0.0,-0.03467746215547163,2.80817005826033,125.13211402893066,146.72172221958354,103.54250583827779,118.14438257178519,126.88841354185827,122.51639805682173,158.56680723242482,138.90521240234375
2022-06-29 00:00:00+05:30,118.41920017968462,121.01742583178437,117.41988203470838,118.56909942626952,54517,0.0,0.0,-0.008771881708977025,2.7835371226905794,124.18026351928711,145.1491827400784,103.21134429849582,118.14438257178519,126.88841354185827,122.51639805682173,158.56680723242482,139.70468139648438
2022-06-30 00:00:00+05:30,118.06943559569063,120.21797104564402,116.87024929552985,117.9695053100586,42824,0.0,0.0,-0.005056917182573173,2.769461005986515,122.91862449645996,142.0993022702244,103.73794672269551,118.14438257178519,126.88841354185827,122.51639805682173,158.56680723242482,138.5054931640625
2022-07-01 00:00:00+05:30,119.81824937434402,141.5534118145947,119.81824937434402,139.50482177734375,806921,0.0,0.0,0.18254985820855985,3.2750257199434887,122.82868690490723,141.67403328794398,103.98334052187047,122.89114619531605,126.88841354185827,124.88977986858717,156.89294622528024,140.95382690429688
2022-07-04 00:00:00+05:30,139.50481903835058,140.85388938407365,130.76078527605674,133.70877075195312,160240,0.0,0.0,-0.041547316799138256,3.1389571888316707,122.61133613586426,140.8324749920296,104.39019727969892,124.7898483992779,126.88841354185827,125.83913097056808,156.89294622528024,139.30494689941406
2022-07-05 00:00:00+05:30,134.90794138557084,134.90794138557084,128.91203287954548,129.76145935058594,67528,0.0,0.0,-0.029521708854013395,3.04628980859777,122.3115406036377,139.8341323511993,104.78894885607612,125.7641874468573,126.88841354185827,126.32630049435778,156.89294622528024,139.604736328125
2022-07-06 00:00:00+05:30,132.80937491440417,154.794374028796,132.50959167064295,152.8956756591797,1936331,0.0,0.0,0.17828264589788834,3.5893904158463523,123.275883102417,144.8768408944946,101.67492531033939,135.8323116621629,129.51162730241668,132.6719694822898,156.89294622528024,141.60337829589844
2022-07-07 00:00:00+05:30,149.8977112933615,152.4959443884666,145.1009814822972,150.197509765625,485308,0.0,0.0,-0.017647104026468186,3.5260480697863037,124.25521507263184,148.717154473345,99.79327567191868,135.8323116621629,129.51162730241668,132.6719694822898,156.89294622528024,137.60610961914062
2022-07-08 00:00:00+05:30,150.14755063056728,151.79641946326288,142.90249411095587,147.34945678710938,92466,0.0,0.0,-0.01896205192056688,3.459186963212601,125.18957786560058,151.62375705054393,98.75539868065724,135.8323116621629,129.51162730241668,132.6719694822898,156.89294622528024,139.00515747070312
2022-07-11 00:00:00+05:30,147.24953248268025,147.24953248268025,141.45348428184425,143.7019500732422,58820,0.0,0.0,-0.024754123926884253,3.373557820438974,126.31630935668946,153.87811160428518,98.75450710909374,135.8323116621629,129.51162730241668,132.6719694822898,156.89294622528024,138.70535278320312
2022-07-12 00:00:00+05:30,142.85251650812538,145.9004397022673,130.8107305926108,139.5547637939453,79815,0.0,0.0,-0.028859638141188304,3.2761981624927294,127.32562026977538,155.27572907037316,99.37551146917761,135.8323116621629,129.51162730241668,132.6719694822898,156.89294622528024,136.65675354003906
2022-07-13 00:00:00+05:30,140.9038519554919,151.8963510442182,138.4055567080541,139.80459594726562,296037,0.0,0.0,0.001790208707523444,3.282063240970796,128.37740211486818,156.54506950747995,100.2097347222564,137.30631170157,129.51162730241668,133.40896950199334,156.89294622528024,135.90725708007812
2022-07-14 00:00:00+05:30,140.75396203401675,148.89839853933114,138.90521742930892,140.25430297851562,256613,0.0,0.0,0.003216682743531818,3.292620597161207,129.52911643981935,157.66103087335478,101.3972020062839,141.85320345417074,129.51162730241668,135.6824153782937,156.89294622528024,134.00856018066406
2022-07-15 00:00:00+05:30,147.8990766529548,147.8990766529548,138.90521388351837,140.20433044433594,109187,0.0,0.0,-0.0003562994725897495,3.2914474381790004,130.933158493042,158.23187671901,103.63444026707398,141.85320345417074,129.51162730241668,135.6824153782937,156.89294622528024,140.75396728515625
2022-07-18 00:00:00+05:30,142.30289556654557,147.49936203956975,139.15504955741915,140.50413513183594,47381,0.0,0.0,0.0021383411378939066,3.298485675639274,132.66697578430177,157.6499555940755,107.68399597452805,142.8025523107034,129.51162730241668,136.15708980656004,156.89294622528024,138.5054931640625
2022-07-19 00:00:00+05:30,142.9024935079501,146.89976605362702,135.95723550951337,140.30426025390625,99000,0.0,0.0,-0.0014225551279479776,3.2937933979269305,134.1359733581543,157.19313117055412,111.07881554575447,141.65333749053872,129.51162730241668,135.5824823964777,156.3433200922117,140.0044708251953
2022-07-20 00:00:00+05:30,142.90248429792487,144.5513530173936,139.90453008188447,140.6040496826172,249405,0.0,0.0,0.0021367093783781765,3.300831277170721,135.6624313354492,155.99994075197773,115.32492191892071,141.3535408184145,129.51162730241668,135.4325840604156,155.8436614946853,142.20297241210938
2022-07-21 00:00:00+05:30,139.90454005579144,142.15300587811666,139.90454005579144,140.10440063476562,24268,0.0,0.0,-0.0035535893096920734,3.28910147843107,136.2395378112793,156.39056967436798,116.0885059481906,141.3535408184145,129.51162730241668,135.4325840604156,155.4939030918322,145.10098266601562
2022-07-22 00:00:00+05:30,141.5034479635876,141.60337062378338,139.90453291661555,140.0044708251953,22712,0.0,0.0,-0.0007132524682847974,3.28675551868314,136.92656936645508,156.59635713532197,117.2567815975882,141.3535408184145,129.51162730241668,135.4325840604156,154.9942420229989,141.90316772460938
2022-07-25 00:00:00+05:30,140.9038539082657,145.9004444723886,136.9065814569674,142.60269165039062,48676,0.0,0.0,0.01855812753607955,3.347751546778775,137.86093139648438,156.7197731294508,119.00208966351795,143.9267932768658,129.51162730241668,136.71921028964124,151.27178425863778,146.89976501464844
2022-07-26 00:00:00+05:30,141.90317494140209,144.8511603852261,134.907948007671,135.6074676513672,79182,0.0,0.0,-0.04905394083425263,3.1835311404753113,138.6603858947754,155.59589187491824,121.72487991463257,141.90317327350107,129.51162730241668,135.70740028795888,149.27314776837278,145.1509552001953
2022-07-27 00:00:00+05:30,137.90589950895358,142.60269158748022,134.90794517180242,136.20706176757812,81976,0.0,0.0,0.0044215420182642795,3.1976072571793757,139.54228401184082,153.79947537649264,125.285092647189,141.4035109123786,131.41032950637853,136.40692020937857,146.99969605655022,147.09962463378906
2022-07-28 00:00:00+05:30,139.40488467416282,148.8984072863818,137.90590741960193,142.50277709960938,532725,0.0,0.0,0.04622165143518164,3.345405945247328,140.76894760131836,151.0090155121859,130.52887969045082,141.9031762290921,132.38466855395797,137.14392239152505,146.99969605655022,149.74783325195312
2022-07-29 00:00:00+05:30,143.65197629327392,146.40010105714524,140.15436295743768,141.50344848632812,48750,0.0,0.0,-0.007012695707556027,3.3219456313350597,140.86887893676757,151.09651729180132,130.64124058173383,141.9031762290921,135.8323116621629,138.86774394562752,146.99969605655022,148.9983367919922
2022-08-01 00:00:00+05:30,140.90386097576533,144.85116466973565,140.404201894291,142.70263671875,37872,0.0,0.0,0.008474621963278528,3.350097864743189,141.3185722351074,151.0191419534744,131.61800251674043,141.9031762290921,135.8323116621629,138.86774394562752,146.99969605655022,144.55136108398438
2022-08-02 00:00:00+05:30,142.85251570647333,143.9018027344219,141.30356964125244,142.95245361328125,24179,0.0,0.0,0.001750611623411169,3.3559625850047734,141.97812194824218,150.09452057961815,133.8617233168662,141.9031762290921,135.8323116621629,138.86774394562752,146.99969605655022,139.25498962402344
2022-08-03 00:00:00+05:30,142.8525157482732,143.90180277652877,137.90589432750676,138.90521240234375,27120,0.0,0.0,-0.02831179954340768,3.260949245022942,141.2785987854004,147.7366814826101,134.8205160881907,141.9031762290921,135.8323116621629,138.86774394562752,146.99969605655022,148.44871520996094
2022-08-04 00:00:00+05:30,140.3042631416457,143.90181460615352,137.90590566423046,139.70468139648438,41054,0.0,0.0,0.0057555003179070585,3.2797176394393506,140.75395736694335,145.75506634693573,135.75284838695097,141.9031762290921,135.8323116621629,138.86774394562752,146.99969605655022,146.25021362304688
2022-08-05 00:00:00+05:30,141.80323065737224,142.8025487458622,137.90589621161493,138.5054931640625,21302,0.0,0.0,-0.0085837369258841,3.251565406031222,140.311759185791,144.36727307624054,136.25624529534147,141.9031762290921,137.30631170157,139.60474396533107,146.99969605655022,141.00379943847656
2022-08-08 00:00:00+05:30,138.60542317248388,143.80187445846113,138.2556709719995,140.95382690429688,25850,0.0,0.0,0.01767679883522222,3.3090426736132033,140.17435302734376,143.93338931471254,136.41531673997497,141.9031762290921,141.85320345417074,141.8781898416314,146.99969605655022,147.24952697753906
2022-08-10 00:00:00+05:30,142.40283932800904,142.40283932800904,138.6054272295851,139.30494689941406,41446,0.0,0.0,-0.011698015166359044,3.2703334422311467,140.1618621826172,143.93080534541278,136.39291901982162,143.4021508069443,141.85320345417074,142.62767713055752,143.50208007141111,144.6512908935547
2022-08-11 00:00:00+05:30,140.90385291531896,140.90385291531896,135.00788219055647,139.604736328125,80418,0.0,0.0,0.0021520372060255255,3.277371321474938,140.15186920166016,143.92565760196928,136.37808080135105,140.70399162385087,142.8025523107034,141.75327196727713,139.6297190213586,146.5500030517578
2022-08-12 00:00:00+05:30,142.80255702190735,144.70127064910756,139.95450945368427,141.60337829589844,73086,0.0,0.0,0.014316433814078211,3.324291591082992,140.2193229675293,144.04645593908157,136.39218999597705,139.92952343014605,141.65333749053872,140.79143046034238,137.0564787543094,141.0
2022-08-16 00:00:00+05:30,140.85389368721366,152.89568074313075,136.5568224859323,137.60610961914062,126401,0.0,0.0,-0.02822862508551882,3.2304514100833672,140.08941192626952,144.08433160670273,136.0944922458363,143.9517814668436,141.85320566787078,142.9024935673572,137.0564787543094,141.0500030517578
2022-08-17 00:00:00+05:30,139.60473919746545,141.40351487452142,137.45621132522757,139.00515747070312,39761,0.0,0.0,0.010167047491093983,3.263295562987356,140.01446304321288,144.03187362629095,135.99705246013482,143.9517814668436,141.85320566787078,142.9024935673572,137.0564787543094,140.25
2022-08-18 00:00:00+05:30,137.9058952682035,140.40419047233758,137.9058952682035,138.70535278320312,29361,0.0,0.0,-0.0021567882296971153,3.2562573255270824,139.93451766967775,143.98954771866605,135.87948762068945,143.9517814668436,141.85320566787078,142.9024935673572,135.18276303193696,137.60000610351562
2022-08-19 00:00:00+05:30,138.20569968285716,139.75464582567528,136.40692400888724,136.65675354003906,47522,0.0,0.0,-0.014769431763502539,3.2081642551533047,139.73715286254884,144.02287171329795,135.45143401179973,143.9517814668436,143.90181295746657,143.9267972121551,135.18276303193696,138.75
2022-08-22 00:00:00+05:30,137.8059553075787,137.8559242605937,135.90725708007812,135.90725708007812,65044,0.0,0.0,-0.005484518258670246,3.1905690197191032,139.52729568481445,144.12379040574444,134.93080096388445,143.9517814668436,143.90181295746657,143.9267972121551,134.408288560194,135.6999969482422
2022-08-23 00:00:00+05:30,135.05783196245952,138.15572409948686,133.4089632353092,134.00856018066406,16266,0.0,0.0,-0.013970533584496736,3.1459950680754627,139.22750015258788,144.41173131307147,134.0432689921043,143.15232198921996,143.15232198921996,143.15232198921996,134.408288560194,140.3000030517578
2022-08-24 00:00:00+05:30,134.90795001834087,145.90044964946495,134.55818256708756,140.75396728515625,278017,0.0,0.0,0.05033564344992847,3.3043507541173427,139.13506393432618,144.13601354367842,134.13411432497395,143.15232198921996,143.15232198921996,143.15232198921996,134.40828590545,144.89999389648438
2022-08-25 00:00:00+05:30,140.70398990906364,144.9011228310447,137.90589621161493,138.5054931640625,47852,0.0,0.0,-0.01597449908135462,3.251565406031222,139.27996520996095,144.02219031733208,134.53774010258982,143.15232198921996,143.15232198921996,143.15232198921996,134.40828590545,140.10000610351562
2022-08-26 00:00:00+05:30,138.90521482435403,145.0510149924089,138.90521482435403,140.0044708251953,188594,0.0,0.0,0.010822514160916619,3.286755518683141,139.4698356628418,144.00192418630763,134.93774713937597,143.15232198921996,143.15232198921996,143.15232198921996,134.40828590545,147.0500030517578
2022-08-29 00:00:00+05:30,136.4069242303024,143.651980645465,135.1078076165274,142.20297241210938,63173,0.0,0.0,0.015703081294161203,3.3383677077870555,139.4548454284668,143.948106307306,134.9615845496276,139.65470644238707,143.15232198921996,141.4035142158035,134.40828590545,149.25
2022-08-30 00:00:00+05:30,143.9018040155627,147.89907634932834,139.3049347323787,145.10098266601562,149261,0.0,0.0,0.020379392953247866,3.406401615126481,139.63472213745118,144.6998560370725,134.56958823782986,140.65401979231876,143.15232198921996,141.90317089076936,134.40828590545,140.39999389648438
2022-09-01 00:00:00+05:30,142.90248580717704,144.75123035928075,141.2536170702939,141.90316772460938,189786,0.0,0.0,-0.022038547793758134,3.3313294703267813,139.59474868774413,144.57335574122695,134.6161416342613,140.65401979231876,143.15232198921996,141.90317089076936,134.40828590545,142.1999969482422
2022-09-02 00:00:00+05:30,144.0517022466433,149.24816871797793,141.9031743678917,146.89976501464844,167427,0.0,0.0,0.035211316069673204,3.4486299652386747,139.7921142578125,145.548760759965,134.03546775566,141.32856597664357,143.15232198921996,142.24044398293177,134.40828590545,140.0
2022-09-05 00:00:00+05:30,147.79914208728238,152.89567053789938,143.65197803805904,145.1509552001953,195143,0.0,0.0,-0.011904782926499102,3.407574774108688,140.1044013977051,146.30051993832313,133.90828285708704,143.1523168866043,143.15232198921996,143.15231943791213,134.40828590545,139.75
2022-09-06 00:00:00+05:30,145.15095734390917,148.64857077388288,143.65198015963472,147.09962463378906,125825,0.0,0.0,0.013425123044530363,3.453321884734535,140.47414855957032,147.38070406496288,133.56759305417776,143.72692655249347,143.15232198921996,143.4396242708567,134.40828590545,138.3000030517578
2022-09-07 00:00:00+05:30,146.7498787544036,155.89363387257563,145.45076208912178,149.74783325195312,827249,0.0,0.0,0.01800282376489326,3.5154914300288596,141.03626556396483,148.97526468689864,133.09726644103102,145.50072074455153,144.6512985539424,145.07600964924697,134.40828590545,138.0500030517578
2022-09-08 00:00:00+05:30,150.79709719722004,154.34467954910258,147.94904972335308,148.9983367919922,97972,0.0,0.0,-0.00500505712626842,3.497896194594658,141.4384910583496,150.10969763458212,132.76728448211708,145.50072074455153,144.6512985539424,145.07600964924697,129.51162730241668,138.14999389648438
2022-09-09 00:00:00+05:30,149.89771916695975,155.94359688970405,143.90181040028136,144.55136108398438,497399,0.0,0.0,-0.029845807703316685,3.393498657404623,141.70081176757813,150.4157644840172,132.98585905113907,145.52570225311572,144.67628006250663,145.10099115781117,129.51162730241668,137.89999389648438
2022-09-12 00:00:00+05:30,147.74919385767748,150.89703991550127,138.40556310130412,139.25498962402344,289117,0.0,0.0,-0.036640066342120026,3.2691606414654224,141.68332443237304,150.41661390324512,132.95003496150096,147.17457999550408,144.67628006250663,145.92543002900535,129.51162730241668,138.3000030517578
2022-09-13 00:00:00+05:30,140.60406158143678,149.8977234873281,140.60406158143678,148.44871520996094,223297,0.0,0.0,0.06602079832657903,3.4849932368728007,142.02559127807618,151.24782811932175,132.8033544368306,147.17457999550408,144.67628006250663,145.92543002900535,129.51162730241668,137.4499969482422
2022-09-14 00:00:00+05:30,144.40146899332868,148.59860206664126,139.65470790185248,146.25021362304688,380440,0.0,0.0,-0.014809839100355826,3.4333810477688864,142.4577964782715,151.6204217752888,133.29517118125418,147.17457999550408,144.67628006250663,145.92543002900535,129.51162730241668,136.10000610351562
2022-09-15 00:00:00+05:30,145.900452356569,150.89704319069807,140.20434185533887,141.00379943847656,129296,0.0,0.0,-0.035872865102902995,3.3102158325954094,142.55772857666017,151.60927685744727,133.50618029587307,147.17457999550408,144.67628006250663,145.92543002900535,129.51162730241668,138.39999389648438
2022-09-16 00:00:00+05:30,141.25361842464383,151.846381052395,138.95518376302385,147.24952697753906,158336,0.0,0.0,0.044294746410628916,3.456841003464672,142.98493728637695,152.07573720360514,133.89413736914875,147.17457999550408,144.67628006250663,145.92543002900535,129.51162730241668,136.5500030517578
2022-09-19 00:00:00+05:30,149.897710770523,151.39668787822822,137.90589390888115,144.6512908935547,244600,0.0,0.0,-0.01764512346705671,3.3958446171525534,143.38466415405273,152.01374783624988,134.75558047185558,146.9247453992926,144.67628006250663,145.8005127308996,129.51162730241668,137.6999969482422
2022-09-20 00:00:00+05:30,145.75056071708104,149.5979265099646,143.9018160092745,146.5500030517578,84435,0.0,0.0,0.013126133520649619,3.440418927012677,143.91680145263672,151.91911835453652,135.91448455073692,146.9247453992926,144.67628006250663,145.8005127308996,129.51162730241668,136.8000030517578
2022-09-21 00:00:00+05:30,145.1999969482422,147.85000610351562,140.0,141.0,187353,0.1,0.0,-0.0378710538122452,3.310126636691113,144.26637344360353,151.00532731122806,137.527419575979,146.9247453992926,144.67628006250663,145.8005127308996,129.51162730241668,136.25
2022-09-22 00:00:00+05:30,140.9499969482422,144.89999389648438,140.1999969482422,141.0500030517578,56343,0.0,0.0,0.00035463157275050783,3.3113005121062864,144.2811752319336,150.9901140614815,137.57223640238567,144.87613748063808,144.67628006250663,144.77620877157236,129.51162730241668,133.60000610351562
2022-09-23 00:00:00+05:30,142.6999969482422,142.6999969482422,140.0,140.25,27590,0.0,0.0,-0.005671769120517145,3.292519580112969,144.36840057373047,150.81200285014702,137.9247982973139,144.87613748063808,144.67628006250663,144.77620877157236,129.51162730241668,140.4499969482422
2022-09-26 00:00:00+05:30,140.89999389648438,142.39999389648438,137.0,137.60000610351562,51759,0.0,0.0,-0.01889478714070858,3.2303081234901194,144.2481773376465,151.09460891196684,137.40174576332615,144.42319052619752,144.67628006250663,144.54973529435208,129.51162730241668,139.8000030517578
2022-09-27 00:00:00+05:30,139.64999389648438,143.0,137.6999969482422,138.75,32350,0.0,0.0,0.008357513411876072,3.25730546695668,144.075528717041,151.28798581916786,136.86307161491416,144.42319052619752,144.67628006250663,144.54973529435208,129.51162730241668,140.4499969482422
2022-09-28 00:00:00+05:30,135.5,139.10000610351562,135.10000610351562,135.6999969482422,20491,0.0,0.0,-0.021982003976632858,3.1857033652289304,143.60547943115233,151.67374817512479,135.53721068717988,143.47319357795533,144.67628006250663,144.07473682023098,129.51162730241668,143.9499969482422
2022-09-29 00:00:00+05:30,136.6999969482422,142.0,136.6999969482422,140.3000030517578,53194,0.0,0.0,0.033898350825093404,3.293693455528141,143.52532119750975,151.69197396065505,135.35866843436446,143.24834699087194,145.2508897283958,144.24961835963387,129.51162730241668,141.75
2022-09-30 00:00:00+05:30,140.35000610351562,145.5,139.0500030517578,144.89999389648438,35116,0.0,0.0,0.03278681927775584,3.4016831876108693,143.42533264160156,151.47104987212464,135.37961541107848,142.34896630674012,145.52180149660984,143.93538390167498,129.51162730241668,141.64999389648438
2022-10-03 00:00:00+05:30,144.6999969482422,144.6999969482422,138.60000610351562,140.10000610351562,90322,0.0,0.0,-0.03312621114668801,3.288998312083933,143.17278518676758,151.30355068924044,135.04201968429473,141.47500610351562,145.52180149660984,143.49840380006273,129.51162730241668,138.6999969482422
2022-10-04 00:00:00+05:30,150.0,152.0,146.14999389648438,147.0500030517578,178442,0.0,0.0,0.049607399325215296,3.4521569647314396,143.17030410766603,151.29625174204398,135.04435647328808,143.5500030517578,145.52180149660984,144.53590227418383,129.51162730241668,142.6999969482422
2022-10-06 00:00:00+05:30,145.64999389648438,153.39999389648438,145.64999389648438,149.25,90086,0.0,0.0,0.014960876590174976,3.5038042590506997,143.14541244506836,151.1924296353758,135.09839525476093,144.25,145.52180149660984,144.88590074830492,129.51162730241668,140.35000610351562
2022-10-07 00:00:00+05:30,149.25,151.0,139.3000030517578,140.39999389648438,407427,0.0,0.0,-0.05929652330663737,3.2960408481420047,142.71549530029296,150.37086567650914,135.06012492407677,144.25,145.52180149660984,144.88590074830492,129.51162730241668,138.25
2022-10-10 00:00:00+05:30,139.8000030517578,143.10000610351562,138.5500030517578,142.1999969482422,63887,0.0,0.0,0.012820535114018261,3.338297855572848,142.59792709350586,150.20851647193803,134.9873377150737,144.25,145.52180149660984,144.88590074830492,129.51162730241668,132.0500030517578
2022-10-11 00:00:00+05:30,142.0,144.0,139.10000610351562,140.0,35546,0.0,0.0,-0.015471146240902844,3.286650561253588,142.6351776123047,150.18637405715634,135.08398116745303,144.25,145.52180149660984,144.88590074830492,129.51162730241668,143.6999969482422
2022-10-12 00:00:00+05:30,141.0500030517578,142.5,138.5,139.75,52629,0.0,0.0,-0.0017857142857142794,3.2807815423942066,142.20024185180665,149.34903485232377,135.05144885128954,145.04999542236328,145.52180149660984,145.28589845948656,129.51162730241668,142.10000610351562
2022-10-13 00:00:00+05:30,139.85000610351562,140.0,138.0,138.3000030517578,8591,0.0,0.0,-0.010375649003521947,3.246741304653091,141.8027313232422,148.88973177529556,134.71573087118884,145.6999969482422,145.52180149660984,145.610899222426,131.41032950637853,142.35000610351562
2022-10-14 00:00:00+05:30,139.35000610351562,141.89999389648438,137.64999389648438,138.0500030517578,34972,0.0,0.0,-0.0018076644575809597,3.2408722857937096,141.65504150390626,148.92523705560183,134.3848459522107,145.52499389648438,145.52180149660984,145.5233976965471,132.93429847584775,142.0500030517578
2022-10-17 00:00:00+05:30,138.0,139.5,137.25,138.14999389648438,20453,0.0,0.0,0.0007243088918229557,3.2432196784075726,141.2000648498535,148.14084677199213,134.25928292771488,145.3249969482422,145.52180149660984,145.423399222426,136.38194158405275,139.1999969482422
2022-10-18 00:00:00+05:30,138.14999389648438,140.14999389648438,136.35000610351562,137.89999389648438,12670,0.0,0.0,-0.001809627296743277,3.2373506595481913,140.8625,147.75505619082338,133.96994380917664,144.875,144.25,144.5625,136.40692309261695,149.60000610351562
2022-10-19 00:00:00+05:30,138.89999389648438,139.0,137.14999389648438,138.3000030517578,7182,0.0,0.0,0.002900719165902954,3.2467413046530913,140.45,146.90031373202535,133.99968626797462,143.6750030517578,144.25,143.9625015258789,136.40692309261695,146.64999389648438
2022-10-20 00:00:00+05:30,138.5,138.6999969482422,137.14999389648438,137.4499969482422,2205,0.0,0.0,-0.006146103288208304,3.226786497244601,140.27249984741212,146.84803701406037,133.69696268076387,140.1750030517578,144.25,142.2125015258789,136.40692309261695,140.5
2022-10-21 00:00:00+05:30,138.8000030517578,138.85000610351562,135.25,136.10000610351562,8074,0.0,0.0,-0.009821686974899713,3.1950940103338317,140.025,146.83586008121512,133.2141399187849,139.625,144.25,141.9375,136.40692309261695,140.3000030517578
2022-10-24 00:00:00+05:30,139.4499969482422,142.89999389648438,137.39999389648438,138.39999389648438,5809,0.0,0.0,0.016899248272034706,3.249088697266954,139.93249969482423,146.77916968040617,133.0858297092423,139.0749969482422,144.25,141.6624984741211,137.88092313202404,140.4499969482422
2022-10-25 00:00:00+05:30,139.3000030517578,139.3000030517578,134.5,136.5500030517578,7812,0.0,0.0,-0.013366986461793129,3.2056581726374214,139.87999954223633,146.81390421920307,132.9460948652696,138.6999969482422,143.9499969482422,141.3249969482422,142.42781488462475,138.5500030517578
2022-10-27 00:00:00+05:30,138.85000610351562,138.85000610351562,135.14999389648438,137.6999969482422,19718,0.0,0.0,0.008421778621626741,3.232655516103982,139.82749938964844,146.811094475378,132.84390430391886,138.6999969482422,143.9499969482422,141.3249969482422,142.42781488462475,135.0500030517578
2022-10-28 00:00:00+05:30,139.1999969482422,139.1999969482422,136.3000030517578,136.8000030517578,4754,0.0,0.0,-0.006535903532537191,3.211527191496802,139.88249969482422,146.75032518122373,133.0146742084247,138.6999969482422,143.9499969482422,141.3249969482422,143.37716374115743,135.0500030517578
2022-10-31 00:00:00+05:30,138.60000610351562,140.0500030517578,135.1999969482422,136.25,16271,0.0,0.0,-0.004020490054738701,3.1986152783628663,139.67999954223632,146.72513003031716,132.63486905415547,138.6999969482422,143.9499969482422,141.3249969482422,143.37716374115743,134.89999389648438
2022-11-01 00:00:00+05:30,136.0500030517578,137.9499969482422,131.0500030517578,133.60000610351562,35813,0.0,0.0,-0.019449496487958684,3.1364038217400165,139.1150001525879,146.2078036025127,132.02219670266308,136.9749984741211,142.2249984741211,139.5999984741211,143.37716374115743,138.25
2022-11-02 00:00:00+05:30,135.4499969482422,143.60000610351562,135.0,140.4499969482422,89991,0.0,0.0,0.051272384219945843,3.297214723557177,139.13249969482422,146.23677982626378,132.02821956338465,137.32500457763672,142.2249984741211,139.7750015258789,143.37716374115743,137.0500030517578
2022-11-03 00:00:00+05:30,141.9499969482422,142.5,138.14999389648438,139.8000030517578,19163,0.0,0.0,-0.004627938131774423,3.281955417809379,138.7699996948242,144.88186369485004,132.65813569479837,137.32500457763672,142.2249984741211,139.7750015258789,143.37716374115743,134.35000610351562
2022-11-04 00:00:00+05:30,140.0,150.0,139.4499969482422,140.4499969482422,39104,0.0,0.0,0.004649455524287305,3.2972147235571776,138.32999954223632,142.1947257952208,134.46527328925185,140.5250015258789,142.2249984741211,141.375,144.67628006250663,133.75
2022-11-07 00:00:00+05:30,141.9499969482422,146.0,139.64999389648438,143.9499969482422,43815,0.0,0.0,0.024919900861869015,3.3793809875885175,138.50749969482422,143.01619956473286,133.99879982491558,140.5250015258789,142.2249984741211,141.375,144.67628006250663,134.0500030517578
2022-11-09 00:00:00+05:30,145.0,145.0,141.3000030517578,141.75,21946,0.0,0.0,-0.015283063528186203,3.3277336932692574,138.4849998474121,142.9229440874309,134.0470556073933,140.5250015258789,142.2249984741211,141.375,144.67628006250663,130.0500030517578
2022-11-10 00:00:00+05:30,141.75,144.9499969482422,139.6999969482422,141.64999389648438,17392,0.0,0.0,-0.0007055104304453108,3.3253859424389116,138.56749954223633,143.1750070728864,133.95999201158628,140.5250015258789,142.2249984741211,141.375,144.67628006250663,129.35000610351562
2022-11-11 00:00:00+05:30,146.39999389648438,148.9499969482422,138.14999389648438,138.6999969482422,70087,0.0,0.0,-0.020825958880012374,3.2561315915415077,138.51499938964844,143.09089344565587,133.939105333641,140.5250015258789,142.2249984741211,141.375,144.67628006250663,127.1999969482422
2022-11-14 00:00:00+05:30,140.0,143.5,139.0500030517578,142.6999969482422,24382,0.0,0.0,0.028839221975561102,3.35003589329161,138.73499908447266,143.6619585380622,133.80803963088312,140.5250015258789,142.2249984741211,141.375,144.67628006250663,120.5999984741211
2022-11-15 00:00:00+05:30,140.6999969482422,142.9499969482422,139.35000610351562,140.35000610351562,11874,0.0,0.0,-0.016468051121114713,3.2948673309433145,138.84999923706056,143.8152725595175,133.88472591460362,142.5,141.0250015258789,141.76250076293945,144.67628006250663,114.9499969482422
2022-11-16 00:00:00+05:30,140.0,140.9499969482422,137.10000610351562,138.25,9980,0.0,0.0,-0.01496263635333761,3.2455674292379175,138.85499954223633,143.81761495461703,133.89238412985563,143.5500030517578,140.5250015258789,142.03750228881836,144.67628006250663,112.0
2022-11-17 00:00:00+05:30,137.75,150.4499969482422,110.5999984741211,132.0500030517578,2348179,0.0,0.0,-0.04484627087336124,3.100015833168555,138.5625,144.34697602298715,132.77802397701285,130.52499771118164,130.52499771118164,130.52499771118164,144.67628006250663,103.0
2022-11-18 00:00:00+05:30,136.0,146.85000610351562,135.3000030517578,143.6999969482422,388418,0.0,0.0,0.0882241092559315,3.3735119687291353,138.8324996948242,145.0363697090121,132.62862968063632,130.52499771118164,130.52499771118164,130.52499771118164,144.67628006250663,118.0
2022-11-21 00:00:00+05:30,141.85000610351562,143.75,139.5500030517578,142.10000610351562,45522,0.0,0.0,-0.011134244110685976,3.3359504629589845,139.06500015258788,145.39284800268885,132.73715230248692,130.52499771118164,130.52499771118164,130.52499771118164,144.67628006250663,118.0500030517578
2022-11-22 00:00:00+05:30,141.8000030517578,145.0,136.85000610351562,142.35000610351562,76951,0.0,0.0,0.0017593243438560613,3.341819481818366,139.37750015258788,145.70609802935283,133.04890227582294,130.52499771118164,130.52499771118164,130.52499771118164,144.67628006250663,116.5999984741211
2022-11-23 00:00:00+05:30,143.75,144.89999389648438,140.6999969482422,142.0500030517578,25257,0.0,0.0,-0.0021075029075843243,3.334776587543812,139.56000061035155,145.9761804187359,133.1438208019672,130.52499771118164,130.52499771118164,130.52499771118164,144.67628006250663,115.0500030517578
2022-11-24 00:00:00+05:30,143.35000610351562,144.0,137.3000030517578,139.1999969482422,42078,0.0,0.0,-0.02006340050888411,3.2678696292602707,139.69250030517577,145.96073133885767,133.42426927149387,130.52499771118164,130.52499771118164,130.52499771118164,144.67628006250663,117.1999969482422
2022-11-25 00:00:00+05:30,141.3000030517578,155.0,137.0,149.60000610351562,407676,0.0,0.0,0.07471271108677113,3.512021028740427,140.28750076293946,147.83091241073555,132.74408911514337,132.79999923706055,132.79999923706055,132.79999923706055,144.67628006250663,119.75
2022-11-28 00:00:00+05:30,150.6999969482422,151.89999389648438,142.0,146.64999389648438,139773,0.0,0.0,-0.01971933213017374,3.44276631962654,140.78000030517578,148.6316213747535,132.92837923559804,132.79999923706055,132.79999923706055,132.79999923706055,144.67628006250663,120.25
2022-11-29 00:00:00+05:30,145.0,149.0,140.0,140.5,100524,0.0,0.0,-0.04193654382846723,3.298388598972351,140.99250030517578,148.56429614312256,133.420704467229,132.79999923706055,132.79999923706055,132.79999923706055,144.67628006250663,117.4000015258789
2022-11-30 00:00:00+05:30,141.8000030517578,144.89999389648438,139.75,140.3000030517578,43796,0.0,0.0,-0.0014234658237878284,3.2936934555281425,141.3275001525879,148.10435725752924,134.55064304764656,145.1500015258789,132.79999923706055,138.97500038146973,144.67628006250663,117.4000015258789
2022-12-01 00:00:00+05:30,141.85000610351562,141.9499969482422,140.0,140.4499969482422,15971,0.0,0.0,0.0010690940357929168,3.297214723557178,141.3275001525879,148.10435725752924,134.55064304764656,145.9250030517578,132.79999923706055,139.36250114440918,144.67628006250663,117.8499984741211
2022-12-02 00:00:00+05:30,141.14999389648438,142.4499969482422,135.3000030517578,138.5500030517578,167003,0.0,0.0,-0.013527902725299135,3.2526103235124726,141.2650001525879,148.12051084165924,134.40948946351656,145.1500015258789,132.79999923706055,138.97500038146973,144.67628006250663,118.4499969482422
2022-12-05 00:00:00+05:30,140.64999389648438,140.64999389648438,134.0,135.0500030517578,103629,0.0,0.0,-0.025261637841267448,3.1704440594811327,140.99500045776367,148.3691949005109,133.62080601501643,144.5,132.79999923706055,138.64999961853027,144.67628006250663,116.8499984741211
2022-12-06 00:00:00+05:30,135.10000610351562,137.8000030517578,134.10000610351562,135.0500030517578,46105,0.0,0.0,0.0,3.1704440594811327,140.55000076293945,148.22844040970787,132.87156111617102,144.5,132.79999923706055,138.64999961853027,144.67628006250663,116.3499984741211
2022-12-07 00:00:00+05:30,135.9499969482422,135.9499969482422,134.14999389648438,134.89999389648438,17561,0.0,0.0,-0.0011107675074686352,3.166922433235614,140.20750045776367,148.2478567604819,132.16714415504543,144.5,132.79999923706055,138.64999961853027,144.67628006250663,119.8000030517578
2022-12-08 00:00:00+05:30,152.6999969482422,152.6999969482422,136.35000610351562,138.25,712400,0.0,0.0,0.024833256153341754,3.2455674292379184,140.03750076293946,148.09259246549146,131.98240906038745,143.3499984741211,132.79999923706055,138.07499885559082,143.49679997073093,121.9000015258789
2022-12-09 00:00:00+05:30,139.64999389648438,140.6999969482422,135.0,137.0500030517578,66237,0.0,0.0,-0.008679905593071857,3.2173962103561844,139.95500106811522,148.09747300858444,131.812529127646,143.3499984741211,132.79999923706055,138.07499885559082,143.49679997073093,124.0500030517578
2022-12-12 00:00:00+05:30,137.0500030517578,137.1999969482422,133.5,134.35000610351562,54392,0.0,0.0,-0.019700816403648846,3.1540108783181617,139.5375015258789,147.9293709868088,131.14563206494898,143.0999984741211,132.79999923706055,137.94999885559082,143.49679997073093,126.75
2022-12-13 00:00:00+05:30,135.0,136.6999969482422,132.3000030517578,133.75,32006,0.0,0.0,-0.004465992380032535,3.139925089769053,139.20750122070314,147.96090038883193,130.45410205257434,142.5,132.79999923706055,137.64999961853027,143.49679997073093,130.1999969482422
2022-12-14 00:00:00+05:30,134.75,134.85000610351562,132.5,134.0500030517578,17350,0.0,0.0,0.0022430134710864635,3.146967984043607,138.99750137329102,148.03279296245,129.96220978413203,142.5,132.79999923706055,137.64999961853027,143.49679997073093,131.1999969482422
2022-12-15 00:00:00+05:30,135.8000030517578,136.0,128.0,130.0500030517578,89250,0.0,0.0,-0.02983961140571978,3.0530636822935047,138.89750137329102,148.2795937954183,129.51540895116375,140.3499984741211,132.79999923706055,136.57499885559082,143.49679997073093,133.14999389648438
2022-12-16 00:00:00+05:30,131.8000030517578,132.1999969482422,128.75,129.35000610351562,24790,0.0,0.0,-0.0053825215825915596,3.0366305011305332,138.18000183105468,148.1654470397211,128.19455662238826,140.3499984741211,132.79999923706055,136.57499885559082,143.49679997073093,135.25
2022-12-19 00:00:00+05:30,131.75,132.0,125.5,127.1999969482422,56995,0.0,0.0,-0.016621639380154485,2.986156724009964,137.43500137329102,148.3315073915874,126.53849535499464,139.0999984741211,132.79999923706055,135.94999885559082,143.49679997073093,136.0500030517578
2022-12-20 00:00:00+05:30,126.5,128.0,119.0999984741211,120.5999984741211,160536,0.0,0.0,-0.05188678170178462,2.8312146619439424,136.34750099182128,149.24599239351568,123.44900959012688,135.89999771118164,132.79999923706055,134.3499984741211,143.49679997073093,130.6999969482422
2022-12-21 00:00:00+05:30,121.4000015258789,125.5,112.0999984741211,114.9499969482422,135388,0.0,0.0,-0.04684910113901286,2.6985747999002747,134.9925006866455,150.6432120909011,119.34178928238993,126.39999771118164,132.79999923706055,129.5999984741211,143.49679997073093,126.0500030517578
2022-12-22 00:00:00+05:30,115.5,117.4499969482422,110.9000015258789,112.0,44974,0.0,0.0,-0.025663306016184384,2.6293204490028703,133.6325008392334,152.0925795180964,115.17242216037039,124.04999923706055,132.79999923706055,128.42499923706055,143.49679997073093,124.25
2022-12-23 00:00:00+05:30,113.75,113.75,100.9499969482422,103.0,151683,0.0,0.0,-0.0803571428571429,2.4180357700651394,131.30250053405763,152.6799468044051,109.92505426371017,118.82499694824219,127.9749984741211,123.39999771118164,133.27179768191257,123.8000030517578
2022-12-26 00:00:00+05:30,103.0,123.5999984741211,102.0999984741211,118.0,443662,0.0,0.0,0.14563106796116498,2.7701769016280235,129.8700008392334,150.7709827195171,108.96901895894972,118.4749984741211,127.9749984741211,123.2249984741211,133.27179768191257,119.4000015258789
2022-12-27 00:00:00+05:30,120.0500030517578,134.6999969482422,115.25,118.0500030517578,213097,0.0,0.0,0.0004237546759136013,2.7713507770431964,128.74750099182128,149.65581108257277,107.8391909010698,118.4749984741211,127.9749984741211,123.2249984741211,133.27179768191257,118.9000015258789
2022-12-28 00:00:00+05:30,118.0,119.0,115.0999984741211,116.5999984741211,40904,0.0,0.0,-0.01228296942102547,2.7373103601938396,127.56250076293945,148.40309134936945,106.72191017650945,117.82499694824219,127.9749984741211,122.89999771118164,133.27179768191257,117.75
2022-12-29 00:00:00+05:30,116.9499969482422,116.9499969482422,113.3000030517578,115.0500030517578,22811,0.0,0.0,-0.013293271377763483,2.700922550730619,126.29250106811523,146.92941325588862,105.65558888034185,117.82499694824219,127.9749984741211,122.89999771118164,133.27179768191257,119.0999984741211
2022-12-30 00:00:00+05:30,116.3000030517578,118.5,116.0999984741211,117.1999969482422,17324,0.0,0.0,0.018687473615425887,2.7513959696347063,125.22500076293946,145.4143921108866,105.03560941499231,117.82499694824219,127.9749984741211,122.89999771118164,133.27179768191257,118.8000030517578
2023-01-02 00:00:00+05:30,117.8000030517578,125.1999969482422,117.5,119.75,103457,0.0,0.0,0.021757705786322967,2.811260033643693,124.46000061035156,144.25364270917487,104.66635851152824,117.82499694824219,126.82499694824219,122.32499694824219,132.79999923706055,118.4000015258789
2023-01-03 00:00:00+05:30,119.75,122.9000015258789,119.0,120.25,32981,0.0,0.0,0.0041753653444676075,2.8229980713624556,123.72000045776367,142.96791824718244,104.47208266834492,117.82499694824219,126.82499694824219,122.32499694824219,132.79999923706055,117.9000015258789
2023-01-04 00:00:00+05:30,119.5,121.0,117.0999984741211,117.4000015258789,19369,0.0,0.0,-0.023700611011401973,2.756091292187156,122.84500083923339,141.55836846263577,104.131633215831,117.82499694824219,126.82499694824219,122.32499694824219,132.79999923706055,123.3499984741211
2023-01-05 00:00:00+05:30,118.0,118.0999984741211,115.8499984741211,117.4000015258789,35695,0.0,0.0,0.0,2.756091292187156,121.80250091552735,139.23257369943028,104.37242813162442,118.39999771118164,126.82499694824219,122.61249732971191,132.79999923706055,125.0999984741211
2023-01-06 00:00:00+05:30,118.0,118.0,116.0500030517578,117.8499984741211,8032,0.0,0.0,0.003833023359399057,2.7666554544907456,120.84250068664551,136.84978189882244,104.83521947446857,124.0,126.82499694824219,125.4124984741211,132.79999923706055,124.0500030517578
2023-01-09 00:00:00+05:30,117.0,121.0,117.0,118.4499969482422,17444,0.0,0.0,0.005091204767837754,2.7807410639316132,120.04750022888183,134.81044723987597,105.28455321788769,119.25,126.82499694824219,123.0374984741211,132.79999923706055,123.0500030517578
2023-01-10 00:00:00+05:30,119.5,119.5,115.6999969482422,116.8499984741211,11899,0.0,0.0,-0.01350779666816071,2.74317937905322,119.20250015258789,132.58762747997753,105.81737282519825,119.25,126.82499694824219,123.0374984741211,132.79999923706055,126.9499969482422
2023-01-11 00:00:00+05:30,117.0500030517578,118.8000030517578,116.0,116.3499984741211,14385,0.0,0.0,-0.0042789902141995295,2.7314413413344574,118.31749992370605,129.85297863111163,106.78202121630048,120.4499969482422,126.82499694824219,123.63749694824219,132.79999923706055,126.8000030517578
2023-01-12 00:00:00+05:30,117.4000015258789,120.5999984741211,116.0500030517578,119.8000030517578,34571,0.0,0.0,0.029651952066024778,2.812433909058865,117.80499992370605,128.0332845816335,107.5767152657786,120.4499969482422,126.82499694824219,123.63749694824219,132.79999923706055,126.1999969482422
2023-01-13 00:00:00+05:30,120.5999984741211,122.5999984741211,118.1999969482422,121.9000015258789,34394,0.0,0.0,0.017529202175511127,2.861733631656021,117.43249969482422,126.40456556609738,108.46043382355106,119.29999923706055,120.82499694824219,120.06249809265137,132.79999923706055,125.8499984741211
2023-01-16 00:00:00+05:30,121.6999969482422,124.4000015258789,121.6999969482422,124.0500030517578,26907,0.0,0.0,0.01763742000792723,2.912207229668349,117.275,125.63933620845789,108.91066379154212,120.04999923706055,119.07499694824219,119.56249809265137,132.79999923706055,125.5999984741211
2023-01-17 00:00:00+05:30,123.0,128.3000030517578,122.0999984741211,126.75,34784,0.0,0.0,0.021765392034014397,2.975592561706372,117.58250007629394,126.82891083236669,108.33608932022119,122.0,118.82499694824219,120.4124984741211,132.79999923706055,123.9000015258789
2023-01-18 00:00:00+05:30,128.4499969482422,131.5500030517578,126.0999984741211,130.1999969482422,48201,0.0,0.0,0.02721891083425798,3.056584950322539,118.34500007629394,129.0189240033729,107.671076149215,123.625,118.4749984741211,121.04999923706055,132.79999923706055,124.9499969482422
2023-01-19 00:00:00+05:30,130.8000030517578,132.0,128.39999389648438,131.1999969482422,21594,0.0,0.0,0.007680491731482331,3.0800610257600645,119.30499992370605,130.94449935646892,107.66550049094317,123.8499984741211,118.4749984741211,121.1624984741211,132.79999923706055,123.5500030517578
2023-01-20 00:00:00+05:30,132.0,134.35000610351562,129.35000610351562,133.14999389648438,44648,0.0,0.0,0.014862781963413063,3.125839301219943,120.81249961853027,131.36200137970798,110.26299785735254,125.0250015258789,117.82499694824219,121.42499923706055,132.79999923706055,123.1999969482422
2023-01-23 00:00:00+05:30,133.5,135.9499969482422,133.0,135.25,30330,0.0,0.0,0.01577173263070697,3.17513920292534,121.67499961853028,133.8745527948408,109.47544644221973,125.9749984741211,118.44999694824219,122.21249771118164,132.79999923706055,123.9000015258789
2023-01-24 00:00:00+05:30,137.0,137.10000610351562,134.60000610351562,136.0500030517578,35970,0.0,0.0,0.005914994837395993,3.193920134918657,122.57499961853027,136.16460286423577,108.98539637282475,126.57500457763672,119.0250015258789,122.80000305175781,132.79999923706055,122.9499969482422
2023-01-25 00:00:00+05:30,136.5,136.5,130.0,130.6999969482422,26840,0.0,0.0,-0.039323822003005104,3.068322988041302,123.27999954223633,137.02033486215328,109.53966422231939,127.6500015258789,119.0250015258789,123.3375015258789,132.79999923706055,121.5999984741211
2023-01-27 00:00:00+05:30,131.0500030517578,132.89999389648438,113.4000015258789,126.0500030517578,154860,0.0,0.0,-0.03557761289256811,2.9591593805434004,123.82999954223632,137.07500177739797,110.58499730707466,125.25000381469727,119.0250015258789,122.13750267028809,132.79999923706055,121.5999984741211
2023-01-30 00:00:00+05:30,126.0500030517578,127.5,119.3000030517578,124.25,16421,0.0,0.0,-0.01428007146512078,2.916902373112558,124.18249969482422,137.0695340522383,111.29546533741014,125.25000381469727,119.0250015258789,122.13750267028809,132.79999923706055,121.75
2023-01-31 00:00:00+05:30,124.25,127.0500030517578,123.0,123.8000030517578,17233,0.0,0.0,-0.0036217058208627417,2.906338210808968,124.3849998474121,137.1116249808082,111.65837471401602,125.25000381469727,119.60000228881836,122.42500305175781,127.9749984741211,
2023-02-01 00:00:00+05:30,123.0999984741211,126.8000030517578,117.6500015258789,119.4000015258789,30779,0.0,0.0,-0.03554120692581375,2.803043443062207,124.34249992370606,137.1302695841714,111.55473026324073,125.25000381469727,125.20000457763672,125.22500419616699,127.9749984741211,
2023-02-02 00:00:00+05:30,120.5,122.3499984741211,118.0500030517578,118.9000015258789,8622,0.0,0.0,-0.004187604636601505,2.7913054053434445,124.41749992370606,137.0566507099649,111.77834913744722,125.25000381469727,125.20000457763672,125.22500419616699,127.9749984741211,
2023-02-03 00:00:00+05:30,120.9499969482422,121.75,115.9499969482422,117.75,17799,0.0,0.0,-0.00967200598082929,2.764307882768642,124.43499984741212,137.03573242561205,111.83426726921219,125.25000381469727,125.20000457763672,125.22500419616699,127.9749984741211,
2023-02-06 00:00:00+05:30,119.9000015258789,120.9000015258789,118.0,119.0999984741211,12969,0.0,0.0,0.011464955194234294,2.796000548787653,124.49749984741212,136.97748548853448,112.01751420628975,125.25000381469727,125.25000381469727,125.25000381469727,127.9749984741211,
2023-02-07 00:00:00+05:30,119.0,121.8499984741211,117.0,118.8000030517578,14965,0.0,0.0,-0.00251885328469148,2.78895783362134,124.51500015258789,136.9615915854838,112.06840871969196,124.95000076293945,125.25000381469727,125.10000228881836,127.9749984741211,
2023-02-08 00:00:00+05:30,120.0,120.0,117.5,118.4000015258789,9937,0.0,0.0,-0.0033670161246092123,2.7795673676246815,124.59250030517578,136.86339174078432,112.32160886956721,123.14999771118164,125.25000381469727,124.20000076293945,127.9749984741211,
2023-02-09 00:00:00+05:30,119.0,120.6999969482422,116.25,117.9000015258789,63854,0.0,0.0,-0.00422297291854945,2.7678293299059185,124.67000045776368,136.74766349487345,112.5923374206539,121.7249984741211,125.25000381469727,123.48750114440918,127.9749984741211,
2023-02-10 00:00:00+05:30,119.6999969482422,124.5,117.5,123.3499984741211,42399,0.0,0.0,0.046225588445356625,2.8957738693971367,124.84750022888184,136.73444826873657,112.9605521890271,121.5,125.25000381469727,123.37500190734863,127.9749984741211,
2023-02-13 00:00:00+05:30,125.0,129.64999389648438,122.8499984741211,125.0999984741211,48852,0.0,0.0,0.014187272165772757,2.9368570014128066,125.00750007629395,136.81649377748658,113.19850637510132,122.79999542236328,125.25000381469727,124.02499961853027,127.9749984741211,
2023-02-14 00:00:00+05:30,126.0,127.0,123.5,124.0500030517578,8447,0.0,0.0,-0.008393248882257232,2.912207229668349,125.00750007629395,136.81649377748658,113.19850637510132,122.79999542236328,125.25000381469727,124.02499961853027,127.9749984741211,
2023-02-15 00:00:00+05:30,125.0,125.0,123.0,123.0500030517578,7842,0.0,0.0,-0.008061265420386654,2.8887311542308236,124.82250022888184,136.6324440557235,113.01255640204016,122.79999542236328,125.25000381469727,124.02499961853027,127.9749984741211,
2023-02-16 00:00:00+05:30,123.0500030517578,127.9000015258789,122.25,126.9499969482422,30452,0.0,0.0,0.03169438276928749,2.980287705150581,124.66000022888184,136.25466892569617,113.0653315320675,122.94999694824219,125.25000381469727,124.10000038146973,127.9749984741211,
2023-02-17 00:00:00+05:30,126.8499984741211,127.5,125.0,126.8000030517578,10927,0.0,0.0,-0.0011815194965744125,2.9767664371215448,124.44000053405762,135.68804987878138,113.19195118933385,122.94999694824219,125.25000381469727,124.10000038146973,127.9749984741211,
2023-02-20 00:00:00+05:30,128.0,128.4499969482422,125.6500015258789,126.1999969482422,4286,0.0,0.0,-0.0047319092198340185,2.962680648572437,124.09250068664551,134.64322114200374,113.54178023128728,122.94999694824219,125.25000381469727,124.10000038146973,127.9749984741211,
2023-02-21 00:00:00+05:30,128.6999969482422,128.6999969482422,124.5,125.8499984741211,8050,0.0,0.0,-0.002773363570402032,2.954464057990951,123.62250061035157,132.88956195541937,114.35543926528375,122.94999694824219,125.25000381469727,124.10000038146973,127.9749984741211,
2023-02-22 00:00:00+05:30,125.9499969482422,127.0,123.5500030517578,125.5999984741211,4892,0.0,0.0,-0.0019864918794687547,2.9485950391315696,123.10000038146973,130.47145850240497,115.7285422605345,123.57499694824219,125.25000381469727,124.41250038146973,127.9749984741211,
2023-02-23 00:00:00+05:30,127.0,127.0,122.3000030517578,123.9000015258789,5111,0.0,0.0,-0.013535007714131964,2.9086857825310726,122.76000061035157,129.26552761279822,116.25447360790491,125.94999694824219,125.25000381469727,125.60000038146973,127.9749984741211,
2023-02-24 00:00:00+05:30,123.8000030517578,126.9000015258789,123.4499969482422,124.9499969482422,10638,0.0,0.0,0.008474539220598709,2.93333555427553,122.70500030517579,129.1152143688479,116.29478624150369,125.4749984741211,125.25000381469727,125.36250114440918,127.9749984741211,
2023-02-27 00:00:00+05:30,125.9499969482422,126.0500030517578,123.0,123.5500030517578,3107,0.0,0.0,-0.011204433218708454,2.9004691919495866,122.67000045776368,129.053387402238,116.28661351328935,125.4749984741211,125.25000381469727,125.36250114440918,127.9749984741211,
2023-02-28 00:00:00+05:30,126.9499969482422,126.9499969482422,121.8499984741211,123.1999969482422,5434,0.0,0.0,-0.0028329105210055383,2.89225242225986,122.64000015258789,129.00730780535932,116.27269249981646,125.27499771118164,125.25000381469727,125.26250076293945,127.9749984741211,
2023-03-01 00:00:00+05:30,125.0,125.6500015258789,122.8499984741211,123.9000015258789,1980,0.0,0.0,0.005681855478704145,2.9086857825310726,122.8650001525879,129.07276820490713,116.65723210026867,125.27499771118164,125.25000381469727,125.26250076293945,127.9749984741211,
2023-03-02 00:00:00+05:30,124.9000015258789,124.9000015258789,122.5,122.9499969482422,3690,0.0,0.0,-0.007667510620960494,2.8863834034004787,123.06749992370605,128.99989915390026,117.13510069351184,125.27499771118164,124.95000076293945,125.11249923706055,127.9749984741211,
2023-03-03 00:00:00+05:30,122.0999984741211,125.0,121.0999984741211,121.5999984741211,7951,0.0,0.0,-0.010980061062461077,2.854690737381467,123.2599998474121,128.71544392803764,117.80455576678656,124.89999771118164,123.14999771118164,124.02499771118164,127.9749984741211,
2023-03-06 00:00:00+05:30,120.5,124.8000030517578,119.25,121.5999984741211,7338,0.0,0.0,0.0,2.854690737381467,123.3849998474121,128.557700078034,118.2122996167902,123.125,122.79999542236328,122.96249771118164,127.9749984741211,
2023-03-08 00:00:00+05:30,122.0,123.9499969482422,120.4000015258789,121.75,3956,0.0,0.0,0.001233565195404518,2.8582121845187447,123.53249969482422,128.3240423848929,118.74095700475554,123.125,122.79999542236328,122.96249771118164,127.9749984741211,
